평점,리뷰
0.5,미필 밀덕의 뇌내망상이 더 그럴싸할듯
4.0,드라마의 완성은 얼굴
4.0,뭐 보는 재미는 꽤 있었지 말입니다. 오글거린다는 평이 있던데 이정도는 괜찮지 말입니다.
0.5,객관적인평가는 전혀없는듯.. 이드라마가4.1이면 다른드라마는 평을 어케봐야함..
1.5,여고생이 쓴듯한 뇌내 망상 판타지 드라마
0.5,군대 다녀 온 친오빠에게 물어물어 쓴 송중기 팬픽.
1.5,손발이 오글오글.. 그 옛날 귀여니 소설보는 느낌. 뭐 스토리 오글거리는 건 둘째치고 다 극중에서 전문직들인데 왜 그렇게 움직임들이 서툴기 짝이 없는지.. 외국배우들도 서프라이즈 재연배우 수준의 연기. 볼거라곤 배우들 얼굴 밖에 없다.
0.5,"핀집성의 부재. 개연성의 부재 
고증의 부재. 드라마를 드라마로 볼수 없는 이유
장르가 '판타지'면 별 4개"
0.5,"대사 하나하나 오글거려서 도저히 못 보겠다.
근데 이게 28%나 된다니......하 ㅋㅋ"
1.0,"오글거려서 재미없는게 아니라 그냥 재미 없습니다
김은숙 작가의 상속자들도 오글거렸지만 재밌게 봤는데 이 드라마는 무슨 보는 내내 어이가 없었다는...
군인이고 의사고 다 물 먹이는 드라마
빵점인 드라만데 송중기 잘 생겨서 1개의 별 추가"
5.0,정치인도 검사도 변호사도 의사도 형사도 범인도 학생도 취준생도 연예인도 방송국 PD도 요리사도 양반도 노비도 군인도 전부 사랑타령. 한국 드라마의 현실. 이제 작가들의 주요 과제는 새로운 직업을 찾는 것.
1.5,"공중파 드라마 99%는 막장이라는 사실.
의학드라마는 환자고치며 사랑하는 이야기
법정드라마는 변호하면서 사랑하는 이야기
전쟁드라마는 소총쏘면서 사랑하는 이야기
기업드라마는 물건팔면서 사랑하는 이야기
첩보드라마는 비밀스럽게 사랑하는 이야기
이 드라마를 재밌게 본 사람들에게 재밌는 이유를 대라고 하면 드라마가 가지고있는 내러티브에 대해 얘기하지 않는다.
송중기 잘생겼다. 멋지다. 끝.
근혜 공주같은 사람들이  좋아할만한 요소들로 망라되어있다.
그러니 그네가 열광하며 이 드라마로 사업하려하지.
우리나라 드라마 수준은 딱 그네수준.
NCIS 판권을 우리나라 공중파가 사온다면 이야기는 뻔하다.
범인을 잡았는데 알고 보니 깁스의 숨겨진 아들이고 이 범죄자의 내연녀는 슈토이다.
그런데 사실 슈토는 깁스의 의붓딸 이 진실을 우연히 슈토를 흠모하는 맥기가 알게 되고 슈토에게 진실을 말하려하는데..."
3.0,어떻게 모든 전개가 다 뜬금 없지
0.5,역대급 드라마는개뿔 짜증나게 하고있어
3.0,"이제는 말할 수 있다 이 드라마는 정말 엉망진창이라고
10분에 한 번씩 심쿵 시키지 마라 부정맥 오겠다"
0.5,밀덕을 위한 드라마는 없다. 고증 따위는 창밖에 내다버린 망상 판타지
0.5,감독이 문제일까 작가가 문제일까? 송중기 송혜교 얼굴말고는 딱히...
4.0,"군대미화는 제발 그만...
부정과 폭력을 직접적으로 목도하고있음에도
비판보다 미화를 하는 이유가 궁금하다
유치한건 당연해서 말할필요도 없고"
5.0,"연출 엉망, 고증이랄것도 없이 설정 자체도 빈약, 오직 여성을 위한 여성에 의한 여성의 드라마"
0.5,정주행 한적은 없으나 재방으로 완결다보고 또보고 또본 드리마.
3.0,여자가 어떤 것에 설레는지 아는 드라마
2.5,"송중기가 부릅니다,
(제대하자마자) ""다시 만난 군대"""
4.5,작가 절필을 기원한다^_^
1.0,"사랑얘기는 재밌는데 고증오류가 심각한 수준.
어차피 주얘기가 러브라인이지만 배경이 배경인만큼 전문가 감수라도 받고 시작했으면 얼마나 좋았을까.
간단하게 몇개만 집어보자면
1.707이나 델타같은 각국 최정예요원들 무장수준이 90년대수준으로 낙후되어있다ㅠㅠ
2.주인공들의 나이나 설정으로봤을때 그짬에 대위랑 중위면 사실상 폐급(...)수준인데 초엘리트들이다..
3.비무장지대 대치상황에 야간작전인데 이쁘게 전투복팔 접은거하며 안면위장은 투스타가해도 욕먹을 위장수준에 야투경은커녕 후레쉬로 수색을하는 특전사.....그리고 이어지는 북괴와의 생사를건 나이프파이팅....
4.만나자마자 주먹다짐으로 서로의 전투력을 가늠해보는 델타와 707...이게 어디 일진들인지 신분조차 비밀에 부쳐지는 최정예 특수부대요원들인지....
5. 작전 마지막에 델타애들이 부비트랩을 건들려고하자 총질을 해서 막는 유시진대위... 아마 진짜였으면 탄이튀어서 아군사살이나 부비트랩을 건드려서 그의 군생활은 막을 내렸을 것이다..
6. 대대장명령에 항명하는 중대장... 이건 그래 드라마적 허용이라고 치자ㅜㅜ
7. 그리고 우리나라는 전투파병은 안한지 오래인 참 착한 나라인데 전투파병을 안했다가는 드라마는 시작도 못했을 테니 넘어가기로한다...
당장 생각나는것만 이정도고 이 외에도 보기 거슬릴정도로 오류가 넘쳐나지만 그놈의 케미가 맘에들어서 보게되는 내자신이 원망스럽다.
왜 아침드라마를 욕하면서 보는지 알게해준 드라마"
0.5,"영상미만 좋고 나머지는 그닥...
사전제작이 자리잡히는 긍정적 계기가 되길
 
군대에서 ~하지 말입니다 사라지는 추세
장교가 부사관한테 년차수 생각없이 하대할수가 없다
민간인한테는 ~다 ~까 안써도 된다
밖에서 계급장떼고 붙자 이런 표현도 무리수
작가가 대충 쓴게 티나는 부분
 
12부작으로 해도될걸 ppl 4부작이 억지스럽다
무전으로 그짓하는거 소름 호러물인줄"
0.5,"판타지는 판타지로만 받아들이는게 정신건강에 좋습니다.
송중기 핵죨귀"
2.5,"동생 따라 보려다 10초이상 보기 힘들어서 방으로 들어갔다.
참신할 수도 있었던 소재를 가지고 흔한 로맨스물이나 만들어버리다니."
4.5,송중기 때문에 참고 볼려고 했는데  너무 비현실적인 연출과 대사가 오글거려서 더이상은 못보겠다.  작가가 중2병 걸렸나.. 잘생긴 송중기 아니였으면 희대의 망작으로 불릴만한 쓰레기
4.0,김은숙의 신드롬은 언제까지 통할까.
2.5,말입니다는 군대에서 쓰지못하는말이다.
0.5,"개인적으로는 송중기의 재발견이지말입니다. 아주 남자, 그것도 상남자가 돼서 돌아와서는 여자들의 심장을 저격하고 다닙니다. 진구는 또 어떻고... 각본을 참 잘 썼다고 생각하는게 현재 한국사회 비판을 드라마속에서 아주 잘 녹여내고있는것 같습니다. 아마 그래서 더 많은 사람들이 빠져들어 보는것 아닐까 생각해봅니다."
0.5,그냥...설렜다....ㅎ
1.0,태양의 후회 태양의 노예
2.0,여자들의 내뇌망상과 판타지로 조직의 상하관계를 수평적으로 만든 드라마
0.5,군알못이 국뽕을 만나 여성판타지를 한사발 들이킬때
2.0,"연기력 B----
현실성 F
캐스팅(얼굴) A+
각본 평가할 가치가 없음
중국은 이런 쓰레기가 뭐가 좋다고 난리냐..."
1.0,"작가의 환상 실현에 드라마가 막 나가네 
긴박감을 주는 끊임없는 사건, 사고들과 달달함을 주는 대사들이 있으면 뭐하나
설득력 없고 현실성 없는 내용과 자료조사는 제대로 했는지 의심스러운 디테일들로 만들어진 판타지 드라마
김은숙 작가는 달달하고 위트있는 대사말고는 이제 잘 모르겠다... 실망..."
0.5,"꾸역꾸역 보는것도 이젠 지친다
주연들 얼굴로 커버할 스토리와 구성이 아님"
5.0,"군대 잘 모르고 의학 잘 모르는 내가 봐도 정말 이상한 몇 몇 씬들때문에 내 집중이 끊기더라..
고증이 얼마나 중요한지 새삼 알려주는 드라마였다"
2.0,아 난 못 보겠다...
1.0,평점은 4.2인데 내 예상 점수는 2.4 왓챠 겁나 정확한데 ㅡㅡㅋㅋㅋ
0.5,어떻게 이게 허준보다 높냐?
2.5,대박이지 말입니다.
5.0,미필의 후예
3.0,"갑자기 호기심이 생긴 드라마
보고 나니 높은 시청률이 믿을 수가 없었다"
4.0,"늘상 개연성대신 판타지 충족과 대사빨과 PPL의 향연을 보여주는 김은숙작가. 그녀의 화제성.스타성을 폄하하지않는다. 사람들이 달콤해할 이야기를 끄집어 내는것은 아무에게나 주어지지않는 능력이다. 하지만 글쓰는사람은 개연성이나 고증에 대한 욕심이 필요하지않나. 개연성과 로맨스는 공존할수 없는건가. 그녀의 판타지 가득한 드라마가 내 취향이 아니거나, 끌리더라도 매우 단타일거라 깨달은건 파리의 연인과 시크릿가든을 간만에 다시보려니 매우 간지럽고 대사빨 세우려는 느낌이 충만하단걸 느꼈을때부터였다. 그때 사라진 내 손발을 아직도 찾고있다. 이 후기를 손 대신 쓰느라 고생한 내 혓바닥에게 위로를 보낸다."
2.5,"여자들의 로망으로 가득채운 판타지물.. 남성을 위한 배려를 외치기엔 나도봄
그래도 너무하네하는 지점은 있다"
1.0,"그냥 지나가는 인연이 아니였나봅니다.
지나가는중에 잠깐 부딪치나봅니다.
송중기 목소리가 너무 좋다!"
4.0,"다른 현실적인 드라마는 그런 재미가 있는 거고 이런 판타지스런 드라마도 이런 재미가 있는 거다
라고 생각했는데 갈수록 노답이구나
여태 다 참아왔지만 14회로 오만정이 다 떨어졌다"
4.0,인소가 이거보단 낫겠다. 환장할 지경.
2.5,"미인과 노인과 아이는 지켜야한다는 말도 멋있지만, 그래도 군인은 군복을 입고 흘린 땀 그 자체로도 멋있다~"
2.5,어우 못보겠어
4.5,"군필이 보면 굉장히 비현실적이다. 특히 흙먼지 휘날리는 곳에서 수술한거 보고 식겁하고,  송중기가 2층에서 뛰어내리는 거보고 헛웃음 나더라. 송중기처럼 잘생긴 군인을 무슨 수퍼히어로로 둔갑시키는 병신짓을 하고  먼지 속에서 수술 할바엔 차라리 그 메스로 찔러 죽이는게 났겠다..... 적어도 현실과 연관성이 있는 장르라면 현실성을 지켜야하는건 당연한거 아닌가? 공식 장르 당장 판타지로 바꿔라."
1.0,"1. 유시진과 강모연은 흔히 대중문화에서 자주 보이던 관계의 클리셰를 깬 사례이다. 경제력으로 강모연이 유시진보다 더 뛰어나기 때문에 그렇다. 또한 한동안 유행하던 '츤데레'식에 잘 표현 못하나 잘 챙겨주던 캐릭터(별그대 도민준 류)를 뛰어넘어, 유시진은 능글능글 자기를 잘 표현하는 캐릭터로 나온다. 유행하는 대중문화를 뛰어넘어 기가막힌 캐릭터를 만들어낸 작가가 놀라울 따름.
2. 김은숙 로코는 대체로 비슷하다. 구어체 말장난의 향연. 하지만 유시진과 강모연이 대사로 티격태격 하려면 상당한 준비가 필요하다. 대사가 찰지려면 서로 받아주고 또 서로 쳐주는게 능해야 하기에.
3. 주제의식도 나름 잡았다. 원래 시나리오가 주제의식이 명확했기에, 로맨틱 코메디가 됐어도 '국민'을 위해 충성하는 군인과 '사람'을 생각하는 의사라는 캐릭터로 더 분명하게 드러난다. 
4. 단짠단짠해야 음식도 많이 먹을 수 있다고 한다. 유시진 강모연 커플이 달달하다면, 서대영-윤명주 커플은 짜디짰다. 주인공 내에서 누구 하나 악역이 없었고, 서로가 서로의 사랑에 충실하면서도 다른 캐릭터와 관계를 유지함으로 드라마가 신선할 수 있었다.
5. 오류는 많다. 군대 오류부터 의학적 오류. 외교적 결례까지. 짚으면 끝도 없다. 그런 문서는 많으니 여기에 밝히지는 않겠다. 그리고 꽤나 유치한 부분도 많다.
6. 다만, 로맨틱 코메디였음에도 부모님 세대도 상당히 많이 봤다는 건 분명 태후가 가지는 매력포인트가 있었다는거다. 유치한 거 안다. 그럼에도 뭔가 끌어당길만한 흡입력이 있었다는 거다. 캐릭터와 대사 뿐만 아니라 주제의식도 어느 정도 가지고 있기에 가능하지 않았나 싶다."
2.5,다소 오글거리는 대사들 많은 ppl 배우들은 정말 제대로 건졌네
1.0,"'존나잘생겼는데 짱쎄고 직업의식도 투철한 남자가 나만 사랑했으면 좋겟다ㅎ' 로 시작되는 군대 로맨스 썰
유시진 대위님은 연애해야하니까 총맞아도 살아나지말입니다
솔방울로 수류탄 만들던 어떤분과 유사한 초능력이지 말입니다"
3.0,"판타지 SF
태양의 멜로 터미에이터
I Will Be Back.."
1.0,"~ 대사 정리
1화
- 되게 오랜만이지 말입니다
- 네 그렇습니다
- 저 피해 다니느라 수고가 많으실 텐데 얼굴은 좋아보입니다.
- 예 그렇습니다
- 우린 언제쯤 계급장 떼고 얘기할 수 있습니까?
아, 계급장마저 없으면 아예 쌩까시려나?
- 예, 그렇습니다
- 죽여 버린다 진짜. 언제까지 피해다닐건데.
내 전화는 왜 안받는데, 왜 생사 확인도 못하게 하는데.
대체 언제까지 도망만 다닐 건데 그냥 목소리라도 듣게 해주라고
- 생각하시는 이유 아닙니다. 윤중의님 위해 떠났다고 넘겨짚지 않으셨음 좋겠습니다. 마음이 변했습니다. 변한 마음을 설명할 재주는 없습니다. 그뿐입니다.
- 안 믿어.
- 용무 끝나셨으면
- 그러지 마.
- 가보겠습니다
- 가기만 해 서대영 거기 서. 서대영 상사. 귀가하는 상급자한테 경례도 안 하고 가나. 그대로 서 있어. 밤새 서 있어 죽을때까지 서 있어. 난 평생 경례 안 받을 거니까.
ㅡ
- 혜성병원에서 치료를 받아 씩씩한 몸과 마음으로 조국을 지키고 싶슴다!
- 의사가 이쁜 거다
- 군병원에 미녀 의사가 없지 말입니다.
- 있습니다.
- 아, 저도 압니다.  윤명주 주임님 아닙니까? 아.. 진짜 겁나 이쁩니다. 근데 사귀던 남자한테 심하게 차였댑니다. 진짜 어떤 새낀지 얼굴 한번 보고 싶슴다. 왜들 그러십니까?
- 얌마 넌 무슨 호기심을 목숨이랑 바꿔 임마.
ㅡ"
1.0,오글..남들 다 이 드라마에 열광하길래 억지로라도 보려했건만.. 한편다보기도 힘들었다
4.5,상업성으로 가득차있는 군대 미화.
3.0,송중기 송혜교라서 이만큼 인기를 끌지 않았나 생각한다. 무난무난한 드라마! 막장의 요소가 제법 많았지만 Ost는 정말 좋았지 말입니다bb  드라마속 우르크의 실제 촬영지는 우리나라 강원도 태백이라고 한다ㅋㅋ
3.5,"보는 내내 어리둥절.. 90년대 초반으로 돌아간 기분이었다. 촌스럽고 오글거리는 대사를 아무렇지도 않게 뱉는 배우들은 참 대단한 것 같다. 스토리 하며, 캐릭터 하며... 뭐 하나 안 촌스러운 게 없다. 고증은 그렇다치고 그냥.. 스토리랑 캐릭터 자체가 진짜 수준 낮은 할리퀸 로맨스 그이상 그이하도 아님. 송중기 얼굴은 잘생김^^"
1.5,갈수록 드라마인지 cf인지 분간이안가네요. 중반까진 좋았는데..
4.5,"아무리 연애가 중요하다고 해도 기본적인 고증은 해야지. 
작가야 그렇다 쳐도 연출부에 군필은 하나도 없나?"
3.5,드라마는 드라마일 뿐이지만 명작은 디테일부터 다르다. 명작이 되긴 글러 먹은 드라마.
5.0,"일주일에 두 번, TV앞에서 
블록버스터와 멜로, 코미디, 드라마 장르를 한번에
볼 수 있다는 사실만으로도 충분히 만족스러운데
송송커플과 구원커플의 톡톡한 케미까지 주시니
완벽하다고 할 수밖에 없지말입니다."
3.5,"송씨가문을 위한 드라마.
남자들에겐 여의사에 대한 환상과
여자들에겐 군인에 대한 환상을
심어주는 몹쓸 드라마인듯 싶다.
보는내내 오글오글 거리는 멘트와
개연성이라곤 눈꼽만큼도 찾아볼 수가 없지만
그럼에도 불구하고 꼬박꼬박 챙겨보는 나. . . ㄷㄷ
아마도 김지원이 너무 예뻐서 보는듯? 헤. . .@.@"
5.0,오글거리는 대사는 어쩔수없지만 그래도 멋있잖아요 다시 없을 유대위와 서상사. 멋있잖아요 ㅎㅎㅎ
4.0,송중기의 얼굴을 빼고봤더니 옆나라 국뽕 잔뜩들어간 제국주의 모 애니가 생각날정도로 내용이 너무 후지다. 작가는 군대물을 쓸거면 자문이라도 구해라. 제복물을 그리고 싶었으면 차라리 군인말고 다른걸 해보던가.
5.0,오랜만에 두근두근 순정만화보는기분.. 대사들이 왜케 멋짐?ㅎㅎ 남주인공은 사기캐릭이다.ㅎ 다음화가 계속 기대되!
0.5,"유시진 (송중기), 강모연 (송혜교) 주연 KBS TV 드라마.
그들은 이 시리즈 이후 결혼에 골인했다
그리고 2019년6월 이혼하는 중이다
20190706 코멘트 재작성"
0.5,"김은숙 작가는 정말 신통방통하다,대단하다.
송중기는 군인역 안 어울려보였다. 코밑에 솜털도 안 보이는, 송혜교랑 미모가 삐까삐까인 이 남자 어떡하지? 진구가 옆에 있으면 송중기 연기력 딸리는 거 다 들통나고. 그래도 거슬릴 정도는 아니었다. 대사가 워낙 멋지니."
5.0,주인공들 덕분에 화제를 불러모으긴 했지만 여러 오류나 상황들은 아쉽다.
4.0,완벽하지말입니다.
0.5,후반부로 갈수록 말도 안되는 전개에다가 시도때도없이 나오는 피피엘때문에 몰입에 방해됐지만 보는내내 웃고 울고 설레기까지 했으니 별4개
1.5,단언컨대 올해 최고의 드라마다
0.5,고증이라곤 전혀없는 여성향 드라마.
3.5,"기본도 없이 줏어 들은 망상만 나열하며 개연성을 씹어먹고 싼 똥이 오글거림뿐, 2016년 한국드라마 수준에 탄식과 망신"
0.5,"드라마이지만 기법이나 구도가 영화만큼이나 세련된 근래 보기 드문 취향저격 작품.
영화로 출판되었다면 시간의 제약때문에 이토록 아름다울 수없었을 것이다.
앞으로의 주옥같은 장면들이 심히 기대되는 드라마. 
지금대로라면 오래토록 다시 꺼내보고 싶은 드라마로 기억될 것이다."
3.0,완전 설레지말입니다.
2.5,위키에만 가도 고증의 오류는 셀수없이 찾을수있다. 군대 팬픽의 현실화.
0.5,미국에 대한 동경
0.5,개연성 핵똥망 .. 개콘급 유행어만들기
4.0,"군필자 입장에서 솔직히 실소가 터지는 부분이 상당부분 있긴 하다. 다만, 가만 생각해보면 군대를 배경으로한 TV프로그램치고 군대 디테일 잘살린 작품이 몇이나 되나 싶기도 하고 여성이 바라본 남성판타지(물론 여성군인분들도 많지만)라고 생각해보면 뭐..
사실 주연커플에서 큰 매력은 못느꼈다. 진구, 김지원 커플이 훨씬 좋았고 이 커플 덕에 처음부터 끝까지 보게 된 것 같다. 달콤한 인생때부터 진구 언제 뜨나 싶었는데 이 작품으로 떠서 정말 좋다.
+ 지금 이순간에도 국가의 안전을 위해 힘쓰시는 참군인, 참의사분들께 감사를..."
2.5,"대중의 관심을 등에 업고 휩쓸리듯 인기를 얻었다
이때다 하는 마음에 여기저기 나오고 대단한냥 퍼뜨리는데 안보는 사람에게는 짜증을 불러일으켰다"
1.0,치명적인 여주. 남주.
0.5,최고의 장면: 그럼 살려요(장전)(장전)(장전)
2.0,~지 말입니다 같은 표현 좀 쓰지 마라 군대에서도 그딴 말투 안 쓴다
3.5,"아..난 진짜 이런건 시도도 못하겠다.
신사의품격도 몇초보기도 힘들던데 아무래도 오글거리거나 판타지는 내 성향이 아니다"
0.5,"김은숙작가님이면일단5점
이엇는데 결말 때문에 4점 ㅠ"
0.5,"티저가 나왔을 때 : 밴드 오브 브라더스에 치명적인 로맨스를 더한 대작을 기대
2화까지 봤을 때 : 조금 유치한 면이 있지만 본격적인 이야기 전개가 좀 진행되면 괜찮아질 거라 생각 + 멋있는 척하는 송중기에게 속아주고싶은 의향 충만
8화쯤 갔을 때 : 국뽕에 취해 정신이 아득해짐 + 점점 본방사수의 동기가 사라짐
마지막화를 남겨두고 : 그냥 죽여 차라리 죽여 쫌 제발 좀
결론 : 국뽕도 국뽕이지만 멋있는 척이 지나쳐 치명을 넘어서 명치를 존나 쎄게 쳐도 체증이 안 내려가는 느낌. 어떤 메시지를 전하고 싶어 만든 드라마라기 보다는 시청률을 싹싹 모아 돈을 싹싹 끌어모으려고 만든 드라마."
4.0,OST와 남주 여주의 얼굴 말고는 검증이 되어 있지 않은 군대의 환상 및 스토리.
0.5,"하도 인기가 많아 내가 이상한건가 싶어 끝까지보려 몇번을 시도해 봤지만 대실패.
도대체 어느포인트에 설레고 공감해야하는건지
한마디한마디며 설정이며 참을수가 없다 ㅠㅠ
진짜 최악이라는 말밖엔 ...😖
이드라마가 남긴거라곤 송송부부 뿐일세 .."
3.5,"일하면서 배필도 만나고, 님도 보고 뽕도 땄지만 결국은 이혼 엔딩."
2.0,"공감하기 힘든 나이가 되어버린 건가
하지만 이것만큼은 어필된거 같다. 
드.완.얼"
4.5,시작은 좋았는데 점점 이야기가 산으로 가는 느낌이 들었다
5.0,누나 보길래 옆에서 보다가 참지 못하고 방으로 들어갔다. 말입니다 쓰는 여자들 다 말로 만들어주고싶다
5.0,드라마계의 역대급 예쁜 쓰레기
5.0,이런 드라마의 단점은 마지막회를 보고나면 그동안 맘껏 휘둘렸던 내가 좀 부끄러워지면서 광장히 허탈해진다는 것이다.
2.5,"결국 스토리는 없고 얼굴로만 미는 이런 드라마가 평점이 이렇게 높으니 
결국 한국드라마는 늘 스토리는 없고 두 주연의 사랑만이..."
5.0,여러가지로 참 너무한다..그래도 비주얼&스케일&말재간으로 견디고 봤다.
2.5,"제일 이해가 안되는건 이 드라마가 에피소드형식 같다는 거다. 처음엔 로맨스물이었는데, 중간에 본격 재난물 되더니 질병물도 됐다가 지금은 액션물? ..차라리 그냥 로맨스를 다뤘다면 판타지드라마라는 오명은 얻지 않았을텐데."
5.0,역시나 이번에도 옳은 김은숙 내게있어 비호감이던 송중기 마져 호감으로 바꾸어 놓았다
2.0,"또 한번 김은숙작가에게 감탄을 보낸다~^^
요즘  말 그대로  태후 페인이 되었다   군복 입은 사람들만 봐도 심쿵할 정도다. '아~~~주인공 이 멋지니 주인공 직업군도 멋지구나~~^^ '했다. 완전 취향저격 당했다
송중기 제대 한 지 얼마 안돼 그런가?  군인 연기 멋지다.  군대가기 전 착한남자 연기랑  뭔가 달라졌다  군인식  말투에  짖궂게  툭툭 던지는 주인공의 위트는 진정 보는 사람을 무장해제 시키고 설레게한다. 그 사람이 송중기라 더 좋다ㅎ~~
뚝뚝한 진구의 연기도 재밌고 두 남자의 케미도 만만치 않다.   여주들도 볼 만하다  흔한 삼각 관계에 주인공 괴롭히는 악인도 없다.  남주의 직업이  악역이라면.....
16부작  사전제작 드라마란다  그래선지 극 전개도 빠르다 아쉬울 정도로..... 
끝까지 실망  주지 않기를~"
3.5,오랜만에 심쿵한 드라마!
3.5,"사전제작.. 정말 모든 드라마가 사전제작을 한다면, 더 작품성이 높고 배우들의 케미도 지켜지지 않을런지..
태후의 배우들도 너무 멋지고, 가진 실력과 
이념으로 세상을 살아가고픈.. 부러움도 느끼게하는 드라마.. 나는 그렇게 살고있지 않음에
대리만족?하는듯한 기분이 드는 드라마"
1.5,"아무리 드라마라지만 너무 현실적 요소가 부족해서 몰입방해.......병원에서 군인들이 총들고 대치하는게 가능..?.....?.ㅠㅠ..더 몰입에 방해되는 것은 대사다..너무 인터넷 소설의 그것마냥,마치 시청자에게 설레라고 하는듯한 명대사는 많이 쏟아지는데 그것이 몰입을 방해함.. 설레지도 않아..."
4.0,"여태까지 봤던 드라마중에 가장 재밌게 본 드라마.

김은숙 작가는 가장 잘팔리는 드라마가 어떤 드라마인지 아는 것 같다.

작품성은 글쎄.
상업성은 최고."
0.5,이런 군대와 의사가 어디있어
0.5,미쳤나봐 진짜 졌다졌어~~~!!! 왜 재밌고 난리ㅠ
2.0,솔직히 내용은 뻔하고 오글거렸다... 배우들 덕에 이만큼 성공하지 않았을까..
4.0,한번 사는 인생. 혜교 언니 처럼
2.0,"작가 특유의 오글거림과 어색한 블록버스터급 액션, 개연성 떨어지는 전개에도 불구... 연기자들이 살렸네!!
중간중간 깨알재미(주로 대사에 의존한)도 무시못함.
근데 왜 대박친건지는 이해안됨 ㅠㅠ"
3.0,"군대+의료진
민감한 소재를 2중으로 쓰면서 사실성과 개연성을 다 남 줘버리고 주인공들이 감정을 극한으로 몰아가는 장치로만 쓰임."
1.0,2년만에 돌아온 김은숙 작가님은 여전히 사람을 설레게 하시지 말입니다.
5.0,판타지 드라마
5.0,똥같은 드라마 얼개. 내가 다 창피한 스토리. 셀링포인트인트인 송중기로도 극복이 안됨.
3.0,오글거리는게 옛날에 인터넷 소설수준...
1.5,잘 다듬어논 남주 캐릭터에 충분히 설렜다
3.0,"송중기, 송혜교의 미모에 별점을..."
2.0,"달달한 동화. 
온통 사랑. 
자꾸만 사건사고에 휘말리는 송혜교와 자꾸만 살아나는 송중기는 좀;; 
삼각관계가 없는게 젤 맘에 든다."
4.0,사실 초반에만 좀 제대로 보고 보다 안보다했지만 내용이 판타지를 넘어서 만화보다도 못하고(짧게말해 거지같고) 대사가 오글거렸다
4.0,아빠가 볼 때 잠깐잠깐 봤는데 여주인공은 남성의존증에 답답이 남주인공은 어디 페북같은데서 여자가 설레는 남자행동 이딴거 보고 고대로 따라하는 것 같음
2.5,5점을 주는 이유는 송중기가 예쁘니까.
4.5,중기오빠....♥
4.0,우르크에서 끝났어야 했다
3.5,"의사들이 하는 연예, 형사들이 하는 연예, 음..이제 군인 남았네?? 채워넣야지~~~~
파오후 쿰척 쿰척"
3.5,뭐야 중간중간만 보긴 했지만 대사 오글거려..
3.5,"1화 보고 잘 안될 줄 알았는데
이해할 수 없는 시청률..
김은숙 드라마치곤 너무 허술한듯"
3.0,"난 멘트 맘에 들더라
자기 마음 들켜서 졌다고 생각하지 맙시다.
어짜피 내가 더 좋아하니까
ㅋㅋㅋㅋㅋㅋㅋㅋㅋ미친ㅋㅋㅋㅋ"
4.0,"김은숙표 오글대사 볼때마다 오그라들어서 미쳐버릴거같은데 참 신기하게 그걸 또 챙겨본다. 보면서 정말 육성으로 꺅꺅거리면서 오그라든다고 난리를 치면서도 ㅋㅋㅋㅋ 이쯤되면 
장르 : 김은숙(aka love fantasy)"
2.0,"이 드라마는 김은숙 작가와 김원석 ^남자^ 작가의 작품이다. 김은숙 혼자 쓴 작품도 아닌데 왜 비난의 화살은 혼자 맞는 거 같지? 
능력있고 속물적인 강모연 캐릭터가 참 좋았다. 특히 초반 병원씬에서 울먹이며 대본을 외우는 모습이나 툭툭 내뱉는 대사들이 흥미로웠는데 기존에 김은숙 작가가 만들어낸 여성캐릭터와는 결이 달랐기 때문이다. 그러나 이야기 중반부에서 결국 여주는 실종되고 만다. 특히 우르크 이후에 강모연은 남주의 여자친구 그 이상도 그 이하도 아닌데 들리는 풍문에 의하면 우르크 이후 씬은 김원석 작가가 썼다고 하니 김은숙 작가가 그나마 나은 거였구나 하는 생각이 들어 어이가 없다. 작가 둘이 쓰는데 이 정도 밖에 할 수 없었다니. 우르크 이후 이야기는 뭐랄까 그냥 에필로그 수준 정도. 이게 어떻게 40퍼나 나왔는지 진짜 신기함 ㅋㅋㅋ
송혜교 너무 예뻐서 진짜 매회 감탄했는데 송혜교 캐스팅해서 이 정도로밖에 못 써먹다니 아쉽."
3.0,"역시 선제작드라마는 퀄리티연기 모두좋네요
급하게 찍는 드라마보다 잼있고 추천하지말입니다^^"
3.5,멋있지 말입니다
4.5,겁나 완벽하지말입니다.
1.5,오글 거리는데 재밌지 말입니다 ㅠㅠ
3.0,믿고 보는 갓은숙.
5.0,난 윤명주가 좋다.
1.0,아....너무 오글 거리는데 계속 보고있어....
1.0,수많은 한국 드라마와 일본 애니메이션으로 단련된 나조차 이것은 견디기 어려운 것이었다. 웬만한 항마력으로 섣불리 도전하지 말 것.
5.0,전반적으로 오글 망상이긴한데 이따금씩 울컥거릴 때가 있었다. 으이구 김은숙엔 항상 당한다!
3.0,"판타지.
깨알같은 유머씬은 굿"
3.0,군 현역 때 수목이 되면 당직사관님이 12시까지 TV연등을 허용해주셨다. 태양의 후예만 보고 자라고
3.5,솔직히 왜 그정도로 인기 있었는지 개인적으론 드라마가 좀 어색하게 느껴졌다
5.0,뒤늦게 몰아보기함. 한동안 주변의 사내놈들이 갑자기 군인말투를 남발하기에 뭐하냐~ 싶었는데 그랬을 법 하다. 국군과 의사들을 대놓고 아주 훌륭하게 홍보했으나 굳이 폄하하기 무색하게 재밌고 말랑말랑하며 뭉클하기까지 하다.
3.0,송중기 빠순이 보여줄라고 수신료 뜯어가서 이딴쓰레기 만들지좀 마라. 써글럼덜아.
1.5,"도깨비 보고 느낀 건데 이건 국방부가 시켜서 억지로 쓴 게 틀림없다. 진짜로.
 2화보고 접었습니다.  혹시 이거 쓸 때 귀여니 소설 정독하셨나 의심스러움.
 대사가 너무 충격적이고 오그라들어서. 이거 혹시 상속자들인가. 아니 상속자들이 훨씬 대사가 나은 듯.
 첫장면부터 송혜교가 아련하게 헬기타고 가는 송중기를 보면서 ""선배...특전자면...헬기가 데리러 오나요...?""에서 부터 포기할까 했지만 그래도 송중기 송혜교인데 하면서 버텼음. 그러나 미군과의 전투씬에서 진구가 이등병을 탁 막으면서 ""그만둬. 저건 서로 등을 맞대고 싸울 수 있는지 확인하는 거다.""라는 대사에서 이건 감히 나따위가 볼 드라마가 아니구나하고 걸렸음."
3.0,못생겨서 미안해요. 우리는 송중기 같은 애국자가 아니네요.
4.0,인생 드라마 여기있네요
4.0,더이상 주인공이 외계인이 아니거나 초능력이 없으면 신선하지 못한 느낌이 든다. 그렇다해도 얼굴이 초능력급이었지.
3.0,"드라마는 원래 오글과 허구성의 맛이지.
좋은 비쥬얼"
4.0,아 뭐가 그렇게 멋있다고...하고 봤는데 진짜 너무 멋있었다. 중간 중간 대사들도 재밌었고 연기도 잘해서 황당한 상황들을 잘 살려낸것 같다.
3.5,최고예요
3.0,"김은숙 작가님이
안팎으로 완벽한 영웅 캐릭터를 뽑아놓으셨기에
숭배와 찬양을 하지않을수없으니...
그 누구를 탓할고...."
5.0,"3편인가에서 헬기띄울때 이미 꺼버렸다...
덕질을 위한 덕질에 의한 드라마.
그 좋은 영상미 실력을 왜 그렇게 쓰나"
3.0,"의사와 군인. 존재의 이유가 정반대인 것 같은 조합이다. 누군가는 칼로 사람을 살리고, 또 누군가는 총으로 사람을 죽인다. 그러나 사실 본질은 같다. 의사도, 군인도 인간의 생명을 지키려고 자신의 목숨을 건다(최소한 이 드라마 안에서는). 그래서 유시진과 강모연은 전혀 다른 성향같지만 같은 생각으로 같은 방향을 바라보는 사람들이고, 그 때문에 필연적으로 서로를 사랑하게 되지 않았을까. 뭐, 아무튼 나는 눈이 즐거워 좋다 ;-p
의사가 지키는 생명의 존엄함과 군인이 지키는 생명의 소중함은 결국 다른 것이 아니지 말입니다.
.
결말까지 다 본 오늘, 내가 남긴 별점 세 개는 배우들의 연기와 얼굴을 위해 남기지 말입니다..."
4.5,ㅇㅅㅇ
1.5,오글거림이 꽤나 있었지 말입니다. 드라마 본방 다 끝나고 뒤늦게 한꺼번에 봤는데 뒷북으로라도 송중기 앓이는 없었다 ㅋㅋㅋㅋㅋㅋ
2.0,"구원커플을 빼면 오글거리고 드라마틱해서 별로다
특히 차 사고 나는 것은 유치해서 죽을뻔
근데 마지막 열린 결말은 다음 시리즈도 그 인물들로 구성되면 참 좋겠다는 생각을했다"
2.0,말장난들이 넘나 내취향..☆
0.5,뉴스를 제외한 대중매체에서 군대는 안 다뤘으면 한다.
4.0,이래서 다나까는 없어지면 안되는거지 말입니다.
5.0,선남선녀 외에 건질 만한 건 없다. 시간이 지나면 기억에서 사라질 듯.
1.0,통통 튀는 대사
2.0,"상업성이 아주 짙은,, 작품성이 아주 결여된 드라마. PPL이 도가 지나치다... 오토 자동차 키스신 장면은 진짜...
영상미는 인정함."
0.5,"몇주동안 수목만 기다리게 했던..
사전제작이라는 메리트와 김은숙작가와의 만남은 결코 틀리지 않았다는 것을 보여준다.
멋진구는 좀 갖고싶다?"
2.0,"과유불급.
- 스토리의 개연성도 없고 흐름도 뚝뚝...
과도한 애정표현에 손발은 잘려나갈거 같은 오글거림은 덤. 
도대체 이 시청률이 어떻게 나왔는지 궁금한. 1인. 
다만 송송 커플의 비쥬얼은 인정.
""드라마 강제시청 보고 끝! 단결!!"""
1.5,ppl의 후예
4.5,'태후는 재밌다 재밌다' 강한 선입관을 가지고 봐도... 이 드라마는 도져히 재밌다고 느껴지지가 않는다. 이런 허접한 드라마가 왜 이리 인기가 있을까.
3.5,"드라마이기에 가능한 군대설정.
애국심을 강요하는 대사들.
드라마 집중을 방해하는 과한 ppl.
로맨스 드라마를 좋아하는 사람이 보기에도
억지스럽고 유치한 사랑놀음."
3.0,개연성은 송중기
5.0,1000원 짜리 내용물을 1000만원 짜리 포장지로 포장한 드라마 사기꾼들이 쓰는 흔한 수법인데 그렇다고 무시하기엔 포장지값이 너무 고가
5.0,누가 뭐래도 내 최고 드라마
5.0,이상한 군대판타지를 심어줘 심히 곤란
1.5,판타지 세계에 사는 작가와 판타지에 환장하는 대중이 만들어낸 역대급 병맛 작품. 혐오한다 나는 이런 부류를.
2.0,"Is this the real life?
Is this just fantasy?"
3.5,"대사설명충버릇좀 고치면 좋겠는데, 송혜교의 줌마스러운 캐릭터표현 노희경티좀 벗어라. 스케일에비해 액션이 후지다(이게존나싫다). msg아낌없이 넣은 블로그홍보집."
2.0,귀여니 소설? 팬픽? 그냥 순정만화 동영상버전 1시간 full 채우는 임팩대사 진짜 듣고있기힘들정도
0.5,"장편영화보는느낌
너무재밌네요"
5.0,시시콜콜 따지고 들자면야 할 말이 없진 않지요~그래도 사람들이 열광하는데는 대리만족 외에도 가려운 어딘가를 제대로긁어주기 때문이 아닐까 하네요~오래도록 기억에 남을 작품 까지는 아니라는 생각은 들어서 별점은 3개반으로~ 그래도 대륙을 뒤흔든 이 드라마가 충분히 자랑스럽습니다^^
3.0,여자들이 열광하는 이유는 알겠는데 다나까+오글멘트가 합쳐져서 남자들은 버틸수가없다 ㄷㄷㄷ 게다가 덤으로 말도안되는 고증까지 ㅋㅋㅋ 하다하다 건카타 까지 하네 ㅋㅋ
5.0,"매 회마다 영화같다.
오글거리는 멘트와 비현실적인 상황 연출인걸 알면서도
마냥 좋다.
작가는 여자가 설레는 포인트를 분명히 알고 있다.
신념과 사랑 참 어려운 선택의 문제다."
4.0,처음엔 송중기가 잘생겨서 4.5를 줬는데 진구도 멋있다..
5.0,매회60분중 지루한적이 단한번도 없었어요!!! 제 인생중 젤 잼있는 드라마네요 ^^
5.0,쫄깃신선한 대사와 수려한 비쥬얼을 제외하고나면 이 드라마에 뭐가 남을까... 아마 전쟁터에 대한 로망?
3.0,짜깁기의 폐혜
3.5,멋은 있지만 맛은 없다.
4.5,주인공을 보기 위한 드라마.
4.0,"심하게 오글거림 재미없음..친구들한테 이렇게 말했다가 매장당할뻔ㅋㅋㅋ,,"
4.0,송중기 is 뭔들
5.0,이거슨 완벽한 여성 판타지물
4.0,"내 생에 이렇게 본방사수한 작품이없었다
어느것 하나 놓치고싶지 않았다."
4.0,"1화에 만나서 사랑에 빠지고
2화에 이별하는 드라마는 처음본다 ㅎ...
스피디한 전개
일단 맘에든다...ㅎ..."
3.0,"오랜만에 빠져들어보는 드라마이다. 
재미있게. 전개가. 빠져들수 밖에 없다!"
2.5,"요즘 태양의 후예가 짱이지 말입니다.
진심 송중기 사랑하지말입니다."
5.0,너무나도 노골적으로 드러내는 상업적 연출
3.5,김은숙 작가의 전작과 비슷한 루트로 흘러 간다면 또 다른 사회의 아편이 될 드라마
1.5,송중기 화보집
1.0,"오랜만에 설레는 드라마.
영상도, 배우들의 케미도 너무 좋다."
3.0,"현신엔 저런 송송 커플 없지말입니다
오글터지는 대사를 얼굴로 카바하지 말입니다
부럽지 말입니다 사전제작드라마는 늘 옳지말입니다"
3.0,"우르크에서 점점 몰입가던 그들의 세계..고조되던 감정선과 흐름이  한국에 돌아와서 갑자기 무너졌다. 
이시진이 총상에도 벌떡일어나서 조준사격하는 기적, 송혜교를 조금도 배려하지 않는 이기적인 태도등등. 이해가 가지 않는 부분이 너무 많다. 모래성처럼 그동안에 쌓은 공이 스르륵 무너지는 느낌이다. 마지막 앤딩까지 거지같으면 뒷맛 안좋아 평점 더 깍을지도 모르것다."
3.0,설레임의 연속
3.0,송혜교 화장품 광고하는것 같음 예쁨..
4.0,"“사과할까요 아니면 고백할까요”
ㄴ 뭘 처 묻노.. 당장 고백 진행 시켜라"
3.0,"얼굴이 개연성이고 또 얼굴이 서스펜스지 말입니다.

허!!
애들 장난?!  이 로맨스 무슨 근거?!!!
이러다 3회차 정도 접어들면  마치 디즈니 영화 볼 때  동심 피어오르듯  운명적 사랑이라는 판타지의 희망이
부풀어오른다.
어느새 눈물짓고 광대올라가게 엄마미소 짓는 내 자신을 발견.

김은숙 언니는 현실의 처참한 도가니를 뼈저리게 안 나머지, 드라마라도 낭만적이어야한다는 신념을 종교로 가진 사랑전도사  아닐까.
정말이지 뚝심있게 그어디서도 연애는 찬란하게 피어남을 노래한다.
그 결기를 존경함.

하지만 본인은.
드라마 끝났으니
다시 현실로 돌아갑니다 실시."
1.0,2016년이 떠오르네 ㅎㅎ 기억에 많이 남는 드라마다
2.0,"강 선생은 혈액형이 뭐에요?
당신의 이상형?"
4.0,"4년만에 다시 보니까 오글거리지 말입니다.
근데 둘이 참 잘 어울렸지 말입니다.^^7..."
3.5,난 끝까지 송중기의 다나까체에 익숙해질 수 없었고...
1.0,"백수라서 봅니다...과연 끝까지 다 볼지 의문
진짜 난 이 작가님이랑 안 맞습니다
오글거려서 내 손 발 오징어됨
+) 세상 극적요소 다 갖다놓음
++) 세상 명대사 다 갖다놓음
+++) 그 와중에 송혜교 존예&열연"
1.0,"김지원, 송혜교 얼굴이랑 김지원 딕션이 다함 ㅠㅠ 김지원 최고 최고 넘 조왕ㅅ"
3.0,한국 들어오기 전까지가 좋았어... 우르크에서 그냥 끝나야했어....
0.5,스포일러가 있어요!! 보기
5.0,"스토리, 개연성 다 거지같지만 ost와 진구 김지원 커플 때문에 봄"
3.0,판타지라고 생각하고 보면 견딜 수 있다. 난 강하니까! 왓챠야 이제 날 좀 알란 말야!
0.5,그냥... 완얼이 다했다
2.5,재미없어서 1화보고 땡침..
4.5,흔한 한국 판타지드라마
1.0,공감
5.0,"말투에 경악해서 안본 드라마.
송혜교랑 김지원이 병실 침대에 앉아있고 진구랑 송중기가 들어오는
장면으로 기억하는데 말투가 너무 오글거려서 놀램.
미필 작가가 군대 이야기를 쓴 건 개그인가요"
4.0,"재밌게본 드라마
파키스탄에서 리메이크됨
출저:태양의 후예 파키스탄에서 리메이크 된다
 http://naver.me/x8drGLcU"
4.5,이런 드라마가 잘되는 우리나라 현실이 짜증난다
3.0,"뇌가 눈에 달린 것입니까?
눈이 뇌에 달린 것입니까?
어쨌든 시청률은 높지 말입니다."
3.0,"판타지를 위해 희생된 밀리터리 소재
결국엔 군인도 연애하는 드라마"
5.0,"군인과 의사의 접점을 멜로드라마로 풀어낸 데서 감탄, 비주얼과 연출에 감탄.... 근데 군대와 군인 리얼리티는 정말 팬픽 수준이다 아마 현직 대학병원 의사들이 보는 강모연도 그렇겠지"
4.0,최악의 망상. 그리고 박근혜의 최애 드라마.
보고싶어요,다시봐도 두근두근♡♡♡
4.5,"송중기 잘생긴건 알겠다만 대사들이 전부 오글거려서 원..
이불킥 마스터가 된것같음"
2.5,"대사가 참으로 의미 있는 말들로 가득하더군요. 개연성 없는 러브라인, 현실성 없는 각본, 뻔한 스토리, 억대의 제작비를 들인 사전제작 드라마였던 점에 비해 완성도가 현저히 떨어져 어이가 없었던 탓에 평점 0.5점을 드립니다."
3.5,김은숙 작가님 작품이라고 다 기대해서는 안되겠구만
3.0,태 태 태 태 태후!!♡♡유대위 윤중위 강의사 서상사 루루랄라 (생각해보니 커플을 섞어썼네)내 최고의 드라마##
1.5,개별로
1.0,여자의 환타지를 충족시켜준 드라마?ㅋㅋ 사실 스토리보다는 비주얼이 압권
2.0,별점 0개 주기는 없는건가...정말 유치하다 못해 눈물나게 어이없다.
1.0,스토리에대한 평가이기보다는 캐릭터들의 아니 사실 유시진캐릭터에 대한 평가 역대 드라마 남주캐릭터중에?
5.0,"유치하다.
그래서 재미있다.
농담 따먹기도, 사랑 싸움도 부럽다.
메인 주인공 외에 다른 커플들도 재미지다."
1.0,"각설하고 남녀평점이 엄청 갈려서 좀 웃김ㅋㅋㅋㅋㅋㅋㅋㅋ 송혜교 좋아하는 여자는 봤는데 송중기 좋아하는 남자는 없다는게 남자의 적은 남자 아닌가 음 본국에서 방영때 지나고 나중에 봤는데 후반부가 상당히 이상한듯 우르크랑 나중에 급 북한 관련 나오고 이게 특전이라지만 영 드라마상 붙인 개연성이 그리고 마지막에 북한군이 구해주는거도 이뭐병 
전체적으로 오글거리는데 두 배우의 매력으로 끌고가는데 여자도 수동적이고 쩝 윽박지르거나 나이가 많다거나 이런게 관계에서 능동적인 건 아니지 활발 귀엽 애교 눈물 이런거 클리셰 에서 못벗어나는 주인공.. 송중기 첨 봤는데 막 엄청 그렇게 멋있고 그런거 모르겠는데...."
0.5,마블급의 히어로물
5.0,의사랑 군인의 힘든 시련을 이겨내면서 사랑하는 소재가 너무 마음에 들었어요. 뒷부분에 사람들이 종방을 싫어해서 1회라도 더 많이할라고 어이없는 전개로 흘려갔지만 그래도 나름 좋았어요. 송중기때문에 대리설렘했고 송혜교는 너무 예뻤어요. 이야기도 연인이 사랑하는 흔한 바탕이지만 소재가 신선해서 너무 좋았어요. 역시 이 작가는 믿고 봅니다 bb
0.5,"이걸 이제야 다 보았다.
난 주인공 커플보다 서브 커플이 더 좋음. 지원 존예"
5.0,보고싶어요
3.5,죄송합니다.  송중기 송혜교 너무 잘 어울려서 그만....4.5^~^
5.0,한국 드라마의 명과 암
2.5,드라마의 주인공들이어서만 가능한 대사들. 군인판 상속자들. 꽃보다 남자같은 느낌이지만. 그들이 비장한 이유보다 이들이 비장한 이유가 훨씬 더 설득력있고 멋있다는점에서 더 흥행할 수 있었다고 생각한다.
5.0,판타지드라마로 봤을때 나름 괜찮았다
1.0,군대문화를 소비하는 방식
3.0,드라마를 끊게 해준 고마운 드라마. 초반에 보다가 점점 말도 안 되는 이야기를 하길래 드라마 보다 공부를 하게됐더니 계속 10시에 공부 중이네요. 여자들을 위한 드라마라는데 저는 여자가 아닌 가 봐요ㅋ 현실성 없다는 지적에 어떤 이는 판타지 소설은 왜 보냐고 하는데 이건 판타지랑 다르잖아요. 판타지 소설이나 영화도 판타지 세계 속 세계관이 있고 그 속에서 인물들이 움직이는 거죠. 이렇게 현실을 배경으로 설정해놓고 말도 안 되는 이야기를 펼치는 드라마랑 판타지 랑 같은 선상에 놓고 비교하는 것도 민망!
4.0,매주 챙겨보던 내 모습이 너무 싫었다. 역시 드완얼!
3.0,"이런 신파, 이런 대사들 이제 그만..."
3.5,ㄹㅇ 인생드라마..???
4.0,"가족들이 보니까 어쩔수없이 봤지 아니면 안봤을것
인터넷 소설급 대사와 상황들이 몰아친다 피곤하다"
5.0,거의 모든 설정이 정말 싫다
3.5,국군은 위대하다
3.0,사람들이 재밌다고 하도 추천해서 봤는데 의사는 미친 소리 하고 군인은 국뽕 빨고 ...  허어.............. 아직 내 깊은 한숨 다 안 끝남.  허어~~~~~~~~~~~~~~~~~~ 정말... 왜 인기 있었는지 모르겠군여. 국기에 대한 경례시키는 장면은 소름까지 돋았음.
4.0,사랑합니다♥
5.0,조연 캐릭터의 인물설정과 내용을 그냥 지나치는 경향이 잦아서 아쉬웠습니다 주연만 부곽 시키고 없어도 될 내용까지 주연쪽으로 너무 편향 되는 현상이 도드라져서 아쉬웠지만 주연4인방만 보기에는 좋은 드라마 였습니다 즐겁게 시청했네요 ^^
0.5,역대급 드라마♥
0.5,"여기저기 좋아보이는 건 다 갖다붙임
조금만 욕심을 덜어냈다면 명작이 될 수도 있었는데.
하지만 유시진이라는 캐릭터 하나는 확실히 건졌다."
5.0,"내가 본 최고의 드라마 !!!! 유시진
송중기 !!!!!
이렇게 멋있기 있기 없기 
아 저 눈빛....미소 멋지고 사랑스러워"
0.5,태양의 후회
5.0,"재미있는 공상과학밀리터리로맨스를 보았당
-와중에 몇몇 떡밥회수 대사들은 센스 인정"
4.0,한국드라마에 직업의식과 휴머니즘이라는 주제가 이토록 강조된 적 있었나
5.0,"솔직히 재미는 있었다. 말장난만...
말장난말고 이 드라마가 평가할만한 뭔가가 있나 싶다."
2.5,재미는 있었지만...어마어마한 PPL의 향연... 딱 12부작 정도였으면 완벽했을 것 같다
1.5,모든걸 커버하는 주조연 배우들의 비주얼. 오글거림도 회를 거듭할수록 감각이 무뎌져 멋지게만 들린다 핳
3.0,"송혜교 인생작, 송중기 출세작"
3.0,나를위한 여자들을 위한 판타지 근데 자동운전해놓고 키스신은 너무하쟈나..
2.5,판타지 멜로 지 말입니다
4.5,취향상 <일지매>라는 드라마에 앞서지는 못했지만 좋았다. 영화와는 차이가 있지만 굳이 영화처럼 갈 이유도 없다.
5.0,"이런 드라마를 다시 만 날수 있을까. 
보는 내내 행복했다. 
이 시대에 태어나 이걸 볼 수있게 되서 행복한 정도. 
가슴이 벅찰 정도.
남녀 주인공 때문이 아니라 연출 연기 영상미 심지어 음악까지. 이런 작품을 어디서 또 만날 수 있을까. 
작가님 피디님이 너무 멋지고 꼭 이런 작품 하나 해보고 싶은 욕심이 들고 가슴 벅차 오르게 하는."
5.0,국뽕과 군뽕의 사상 최악의 만남
3.0,"부끄럽다. 
하지만 대중의 눈을 판단하는 
좋은 교본이 되겠다.
왜 열광하는가?"
5.0,"드라마는 예술이 아니다 
한 시간 짜리 엔터테인먼트다. 
ㅡ 김은숙 작가
오랜만에 드라마를 정말 열심히 즐겁고 설레는 마음으로 봤다 
드라마 ost가 멜론에서 1위부터 6위까지를 차지하고 있어서 어이가 없어서 봐야할 거 같았다.
어릴 때 봤던 드라마 기억나는 대로 여기다가 모아두게까지 했다. ㅎㅎ
송송커플 구원커플 송닥하간커플.. 
14회까진 그럭저럭 볼만 했는데 
15, 16회는 어떻게 그렇게 이야기를 전개시킬 수 있는지.. 궁금해졌다."
4.0,"일류인 척 하는 삼류의 전형
근래 본 빈수레중에 가장 요란을 떤다"
1.0,"장르가 판타지라서 그런가
너무 재밌었다..."
2.0,"군대미화는 제쳐두고 드라마로 볼때 재미는 있음
다만 말도 안되는 장면이 좀 많다는게.."
3.5,마지막에 PPL이 쏟아졌지만 너무 흐뭇한 드라마.
5.0,ppl의 후예
4.5,"두 주인공의 얼굴을 보기위해 시청했다. 
사전제작이 드라마의 완성도를 높여주지 않는다는 것을 깨달았다.
첫회에 북한군이랑 칼들고 싸울때 많이 비웃었는데, 그 장면은 이 드라마의 정체성을 잘 설명해줬던 것.  원안이라던 국경없는 의사회 대본은 어땠을까 궁금하다. 적어도 이 드라보단 나았겠지."
5.0,현대 정관장 코오롱 달콤커피 서브웨이센드위치 삼성 라네즈 아이시스 아몬드...ppl이 이렇게 무섭다..드라마를 봤는데 광고업체들이 나열된다.
4.5,판타지와 로맨스와 유머와 주인공의 (절대 죽지 않는) 비범함과 액션을 어떻게든 다 때려 넣음.
0.5,"전적으로 송중기 때문에 본 드라마.
너무 오글거린다. 
사극에서 볼 법한 불사신 주인공때문인지, 너무 자주 매회마다 터지는 블록버스터급 사건들인지, 노골적으로 나오는 PPL때문인지..
상속자들은 유치해도 재밌게 봤는데, 아쉬웠다."
4.5,말도안되는 군대이야기지만 송중기가 답이지 말입니다!
2.5,다나까 소리가 설레게 될줄이야..
2.5,"아무리 송중기얼굴이 개연성이라지만...
Um.."
2.5,한국 드라마 공식에 의거 백마탄 왕자가 필요한데 재벌은 식상하고 해외 로케도 하면서 판타지를 심어줄 뭔가 좋은 소재 없을까? 국제시장이 흥행했으니 이왕이면 정부 당국이 좋아할만한걸로. 오... 군인을 소재로 하면 되겠네. 이왕이면 일반 군인말고 특수 임무를 띈 해외 파병 가능한 장교급 군인으로... 주인공과의 케미를 위해 봉사활동하는 여의사도 좋겠군.... 이런 판타지를 구성하는데 방해된다면 고증도 과감히 생략한다. 오직 두 선남선녀에 집중한다. 버디무비로 주연을 보조하면 좋으니 두 남녀를 추가 투입. 대충 그림이 그려진다. 시청률 좋다고 용인되진 않는다. 이야기의 힘을 믿기에 재미는 있지만 현실에서 동떨어져버리면 이야기의 힘마저 약화되니까.... 그렇게 지나가기엔 좋은 한국드라마가 요새 너무 많다.
3.0,"내 인생드라마1위
일잘하는데 자기여자 생각하는것도 최고인 유시진과 안타까우면서도 순정남의 최고치인 서대영?"
1.5,킬링타임으로 딱좋은 상업드라마
1.5,세상 모든 군인 드라마와 의학 드라마에게 사죄를 해야 하는 작품 고증이 문제가 아니라 그냥 멍청한게 아닐까?
3.0,"재미는 잘모르겠음
그냥 잘생기고예쁨
의학드라마인줄"
2.0,솔직히 스토리 재미없음
1.0,"솔직히 100프로 사전제작의 탄탄함이란..
장면넘어갈때마다 어찌나 신경쓴게 보이는지
그리고 뭐.. 송중기의 잘생김과 뻔뻔한연기면
말 다했다."
4.0,온유........ 사라져......
5.0,"밀당없고
막장없고
단지 오글거림과 판타지만 있을뿐.
그래도 좋다. 그거볼려고 김은숙 작가가 있다"
4.5,"철수든, 마루든, 유대위든.. 송중기는 항상 옳지"
5.0,이런 드라마는 한국에서 없어져야 될 제 1호 드라마다.
5.0,오글거리고 비현실적이지만 판타지 로맨스 드라마니깐
3.0,"내 취향이 변했나봐
이제 이런 얘기는 힘이 듭니다"
5.0,송중기랑 남배우들땜에 꾹 참고보다가 11화 예고편 보고 중도하차하기로 결심
3.5,감동하는 다수가 사실 이해가 가질 않는다. 말도안되는 스토리까진 판타지라 칠수있다 뭐 그 부분이 이 드라마의 재미일테니 근데 겉멋든 대사에 겉멋든 캐릭터는 도저히 받아들이기 내게 벅차다. 내가 좋아하던 김은숙작가님은 유치해도 사랑스럽고 오글거려도 낭만적이고 위트있는 드라마를 집필했는데 이제 아닌가보다. 아니면 내가 변한건가.
2.5,재밌는데 너무 국뽕에 군국주의 냄새.
3.0,회가 거듭될수록 더 참을수가 없다.
3.0,"송중기의 비주얼로도 견뎌낼수 없는 지루함
뒤가 궁금하지가 않아.  둘의 사랑이 애절하지도 않아
4화까지보다 포기
시크릿가든같은 작품은 이제 못쓰는건가?"
2.5,드라마니까 드라마라서 그냥 보지말입니다.
보고싶어요,쉴새 없이 실소가 나오는데 국뽕 맞은 대사가 제일 이상함 ㅡㅡ 그저 김은숙표 남주때문에 보는. 진구 ㅠㅠㅠㅠㅠㅠㅠㅠ
4.0,여자들의 판타지는 자유지만 이드라마는 판타지수준으로 한국 군대른 대상으로 사기를치고있다 제발현실을다르단걸 알았으면좋겠다 1화보고 포기
2.5,송중기가 아니라 이정이였어도 이렇게 열광했을까
3.5,"송중기의 실제 얼굴이 궁금해지지 말입니다!
송혜교의 얼굴이 빛이 나는 드라마이지 말입니다.
송송커플!!!!》_《송중기♡송혜교.
봐도 봐도 안 질리는 드라마!!!!^~^대본도 짱이지 말입니다!사랑한다 송송커플아!!!>~<"
0.5,주연커플보다 조연커플을 응원하게 되는 드라마는 꽤 오랜만 인것 같다.  끝마무리가 깔끔하진 않았던 드라마.  하지만 나오는 배우들의 모습들과 배경들이 너무 좋아서 끌렸던 드라마
2.5,일주일이 너무 길지 말입니다
2.5,넘나 설레지말입니다.
2.5,"송중기, 진구, 김지원 배우님께 별 하나씩 드림"
5.0,"하..무슨드라마가이럽니까.
드릅게 재미있네 볼때마다 소리지르게 하실겁니까.
심장이 계속 나대지말입니다"
4.0,유치하지만 설레이고 설레이지만 가슴 아픈 사랑이야기.김은숙이 처음으로 재벌가 얘기를 하지 않는다는 점도 마음에 들고 사전제작의 올바른 방향을 제시해주는 것도 좋다. 배우 하나의 힘이 아닌 제작진과 배우의 합이 좋은 작품같다. 특히 봄이라는 계절 선택이 너무나 옳다. 설레임을 넘어서 사랑에 빠진 느낌이다.
4.0,'드라마는 삶의 판타지다'는 전제에 난 반대하기 때문에 2.5
3.0,이상하게 삽입곡과 드라마가 따로 노는 느낌이랄까..
3.5,"남주가 송중기가 아니였다면 푹 빠졌을텐데...
몰입이 안돼서 그저 오글거리고 유치하게 느껴지는 드라마..."
5.0,회사 앞 식당 예순 이모도 설레게 하는 본격 사전제작 예능.
3.5,"송중기 짱  
송혜교짱!"
3.5,드라마라는걸 아니까 설레는거다. 현실에서 유시진은 없고 있어서도 안돼는 캐릭터.
1.0,솔직히 내가 군인이었다면 못 볼 것 같은.. 다들 너무 잘생기고 예쁘고 연기도 잘하고 영상미도 마음에 들어서 오글거리고 예상되는 내용이어도 보게됨. 그냥 다들 정말 예뻐요
4.5,재미는 있는데 오글오글
1.5,손발퇴갤드라마
5.0,정말 좋아했던 작가님
4.5,서브커플이더마음에들고 오그라듬
4.0,사랑에 목숨을 거니까 사랑이 더 가벼워지는 역설.
3.0,Cool☺?♥?✌???????☺??♥
0.5,송중기가 남자가 되서 왔지 말입니다.
3.5,"김은숙 작가의 상속자들 업그레이드 버전이라고 이해하면 쉽다. 신데렐라 스토리만 뺐지 오글거리는 멘트, 매끄럽지 않은 개연성을 보면 
여전히 상속자들처럼 빤하다. 여고생이 좋아할만한 로맨스소설 보는듯 하다. 그러나 송중기를 보고 있으면 개연성과 오글거리는 멘트가 그닥 중요하게 생각되지 않는다."
3.0,경중(輕重)의 조화. 속도감 있는 전개. 배우들의 비주얼.
5.0,송송커플만으로는 충분치 않다.
4.5,송중기 제대 후 첫 작품인만큼 기대가 큽니다!
4.0,"난 이 드라마에서 송중기만 건져간다.
이 드라마를 기다린것도 송중기 때문이었으니.
13화부터 시작된 장편의 광고 '태양의 후예'를 보고 착잡함을 금할 길이 없었다."
1.5,"군필과 밀덕보단 미필 머글이 보면 좋?아할 영화
재밌게 봤었던 기억은 남"
3.0,(무모한) 애국을 포장하는 액션과 멜로
4.0,대사가진짜너무좋은ㅋㅋㅋ ost폭탄
4.5,"때로는 재미를 위해 현실을 탈피할 수 있지만, 지나친 재현 오류는 몰입을 방해할 뿐만 아니라 재미를 반감시킨다."
3.5,뜬금없지만 장면장면이 너무 예쁘고 설렌다.
3.5,송중기 화보집
2.5,유시진 같은 대위는 없고 서대영 같은 상사는 있다
5.0,ㅋㅋㅋ 귀엽네
3.5,장면장면마다 콧방귀 뀌면서 봄
4.0,"유머스럽고 눈물도 나고 생각보다 교훈적이고 마음에 들어오는 대사가 꽤 많다 행복한 결말이라 제일 좋다. 모든 작품을 너무 진지하게 같은 기준을 두고 평가하면 영화나 드라마를 볼 맛이 안 날 듯. 이런 맛에 보는 드라마도 있는 거지 뭐, 이런 게 잘 어울리는 드라마가 있는 거지 뭐~"
4.0,김은숙작가 드라마는 서브커플이 더 흥미롭다
3.0,"송송커플 응원했었다… 구원커플도 너무 잘 어울림 ㅜㅜ

“의사면 남친 없겠네요? 바빠서. ”
“군인이면 여친 없겠네요? 빡세서”
“컨셉이 처녀귀신입니까?”
“…천삽니다. ^^”

진구 송중기 티키타카도 미쳤었고
송혜교 김지원 찐친모드도 재밌어꾸

안 보신 분 꼭 보세여!"
5.0,"너무 말이 안되긴 하지만, 뻔하게 재밌어서 그냥 좋았어요"
5.0,일단 재밌었다.
1.5,대한민국에 이런 군인이 어디있냐?
4.5,재미는 있으나 현실과의 괴리가 크다는 점이 치명적 단점.
3.0,김은숙 작가의 로맨스 위력이 크게 발휘된 작품
3.5,"매장면이 명장면.
추억삼아 꺼내보면 처음과 같은 재미와 행복을 준다."
2.0,"#OST 맛집!
#말투 너무 오글거려..."
5.0,"누군가의 인생에 손 내미는 건, 그만큼 책임질 일이 느는 겁니다.

- 할 수 있는 일을 할 수 있을 때 그냥 하는 거죠. 엉망진창이 되더라도. 누가 한 얘긴진 알죠? 난 뭐 잘 안 잊는다니까.

이렇게 만난 사람들을 다 책임질 순 없어요. 그런다고 세상이 뭐 바뀌는 것도 아니고.

- 세상을 바꾸진 못 하겠지만, 파티마의 삶은 바뀌겠죠. 그리고 그건 파티마에겐 세상이 바뀌는 일일거예요. 그럼 됐죠, 뭐.

(10화)"
1.5,"망상 판타지물 그 이상 그 이하도 아닌 작품.

그러나 송혜교 와인키스씬 만큼은 인정!"
3.0,"움~ 제 입맛엔 딱인데요~ 존맛입니다😋
자기 할일 잘하고 어?
센스 넘치는 농담에??
게다가 줜나 잘생겼는데? 애교도 많다?!
이건 유죄지 ;;;;

아니 김은숙 작가님 대체 이런 대사는 어떻게 쓰는거에요 ㅠㅠㅠㅠㅠㅠ"
1.5,"온유 연기 너무 오글... 누가 심폐소생술을 저렇게 해 ㅠㅠㅠ
+ 내 마음속 최애 커플은 진구 김지원..."
1.5,현실성...? 사실 로맨스 드라마에 제일 필요 없는 게 현실성이야.........
3.0,나 유치하고 오글거리는 거 재밌어하네....
2.5,"아구스가 총에 맞았을때 놀랬던 내 자신이 싫다
유시진이 나타났을때 흡족한 표정을 짓는 내 자신이 싫다
이 드라마를 끝까지 본 내 자신이 싫다.."
3.5,"유치하다고도 많이들 하는데 정말 재밌게 보고있는 작품,, 정주행 5번 한것같고 유튜브 알고리즘에 떠서 컷장면 하나 보면 드라마가 보고싶어지는 드라마 진짜 재밌어요"
3.5,다시 보고싶다...
3.0,군대에서 이걸 보게될줄은…
3.0,너무 많이 본 드라마..
2.0,송중기는 불사신인듯
0.5,친구한테 추천을 할 때 : 주연배우 두 눈에서 스파크가 튄다 그게 보여 그리고 남주 이름이 유시진이야 합격
0.5,"군인이라 죽는 설정도 넣어보고싶고 그렇다고 진짜 죽이고 싶진 않고 ,,"
3.5,"김은숙 작가가 쓰는 오글거림이 나에겐 취향저격인가보다.
-
4번이상 정주행 한 드라마가 몇이나 될까?"
2.0,"유치하고 허술하기 짝이 없는 애들장난
다만 한가지,
군의 경직된 문화가 싫지만 그속에는
이해관계가 없는 그 누군가를 위해 위험을 무릅쓰는 무조건적인 행동이 있음도 잊어선 안된다는 것."
2.5,재미는 있지만 현실성제로
0.5,군머에서도 꼭 꼭 챙겨보던 현역들이 사랑했던 드라마! 군머추억보정 때문에 일쩜추가다.
1.5,작가의 대사가 더 이상 매력적으로 다가오지 않는다. 감정적으로나 이성적으로나 딱히 무언가를 느낄 수 있거나 세련된 드라마는 아니다...
5.0,태양의 후회
4.0,머리를 비우고 싶을 때 멍때리며 볼 수 있는 전투복 입은 사람들 등장하는 로.맨.스.판.타.지!!
2.0,장르는 판타지. 난 송혜교 송중기 팬이니까
2.0,"군대에서 봤는데 재미있었다ㅋㅋㅋㅋㅋㅋㅋ
.
고증, 대사, 광고 등 이런 것들이 어느 한계치를 넘어서니까 오점으로 느껴지는게 아니라 어이없는 웃음포인트로 느껴질 수도 있겠다는 생각이 들었다ㅋㅋㅋ"
3.0,"사실 매력적인 이야기는 아니었다.
배우들이  미친 매력을 가지고 있었을뿐"
3.5,오글거리고 비현실적이나 이어보게되는 묘한 드라마
3.5,"재미는 있다,, 말도 안되는 뇌내망상이 문제지,,,"
3.0,예상 별점 1.7점 떴음ㅋㅋ
2.0,그냥 멜로드라마
2.5,로코 판타지의 모든 것.
4.0,"재밌게 봤었는데, 그래도 공병대가 할 일을 특수부대가 하는건 좀..."
3.0,"4명 얼굴빼고는 볼 게 없다ㅋㅋ
의사, 군인 둘 중 어느 것도 현실성이 없고 대사가 유치하니까 연기도 발연기가 되고
생활 속 여혐은 그대로 녹아들어있고~^__^"
2.0,사장님 여기 국뽕 한사발주세요
3.0,이거 국방부에서 만든거지??
2.5,오글거리지만 대사가 너무 좋앗어요
2.0,제복 판타지x의사 가운 판타지의 완벽한 조합
3.0,군대에서 강제로 정주행 할 줄은 몰랐지...
2.0,요즘엔 팬픽도 이렇게 허무맹랑하지 않음
1.0,비주얼 드라마가 대개 그렇듯 스토리의 부실성이나 고증의 빈약함은 기본 옵션인 듯 안고 가지만 비주얼만으로도 별점 5점 만점에 3점은 먹고 가는 것처럼
0.5,지나친 PPL까지도 모두 업그레이드
3.0,송송커플 결혼축하드립니다
1.0,유시진은 좀비였다..
1.5,우르크는 우르크하이가 태어나는 장소입니까
3.5,"역시 흥하는 드라마는 그 때 같이 봐야 재미를 더 느끼는 듯하다.
나중에 보니 이미 많은 매체에서 소비하여 흥미가 떨어진다."
3.0,인연에 대하여
3.0,적당히 해랔ㅋㅋㅋㅋㅋㅋ
3.5,시작은 창대하였지만 끝은 미약하리
4.0,유치한데 재미는 있다
3.0,한 5화인가에서 놓음. 진구김지원커플이 좋아서 본건데 메인커플의 조화로움과는 별개로 스토리가 탄력을 못받음. 눈은 즐거우나 지루해서 하차
5.0,드라만데...뭐
0.5,현실감이 없는 것도 적당히 해야.
2.5,"우르크까지 함께 걷던 길은 아름답고 좋았는데, 귀국하니 변해버렸다. 이게 말로만 듣던 헬적화인가?"
3.5,"초반 보다가 놓아버린 드라마
오글거려서 더 못봐주겠다"
4.0,나는 송혜교가 연기를 잘하는지 모르겠다. 그사세때부터 여전히 말투에 뭔가 딱딱함이 있고 그래서 오글거리는 연기는 더 잘 안맞는다.
4.0,-.-;;
0.5,두번은 못보겠다 유일한 발견은 김지원
0.5,시작부터 북한군이랑 칼싸움
1.5,일화보고 루즈하고 오글거려서 그만둠..
2.0,송혜교 송중기 좋겠다야
4.0,왜 송송커플이 결혼까지 갈 수 있었는지 알 수 있는 작품
2.0,깔끔한 복장에 새하얀 피부를 보면 군인이라는 사실을 잊는다.
2.0,진짜 좋았던 장면은 자킨토스 섬. 아직까지도 그 영상 보면 설렌다; 나머지 모르겠고 +0.5점은 둘이 부부라는 이유 때문
2.5,"""군인의 길엔 진급 보다 영창이 명예로운 날도 있어. 잘했다."""
0.5,재밌는 스토리와 현실까지 이어진 사랑
5.0,역시 드라마는 몰아 보는 게 최고로 편하지 말입니다.
3.0,진짜 최악 돈주고 보라해도 안 볼 드라마
3.0,오락 그 뿐
5.0,어차피 노골적으로 만든 드라마인데 저울질 하기보다는 그냥 있는 그대로 보면 된다
3.0,"신드롬
그러나 마지막에 어이가없던 작품
그리고. 이거만 기억하면된다
극중 남주인공과 여주인공이 결혼했다
영화로치면 지금만나러갑니다 커플이 결혼햇던것같은 일이 한국에서 일어났어"
5.0,"송혜교 연기는 갈수록 퇴화
송중기 비주얼 열일
김지원은 이 드라마 최대 수혜자"
5.0,직업군인과 의사의 교차점. 이 좋은 소재를..
5.0,참고 볼 수가 없었다
5.0,"다시돌아보니후회하게된다왜재밌게봤지?
이드라마에서제일기억에남는건김지원뿐이다"
1.5,판타지드라마
0.5,로맨스드라마로는 뭐
1.5,달달하다고 맛있는 게 아니다
5.0,아줌마들 팬픽
2.5,이걸 욕하면서도 계속 보던 내가 싫다..
0.5,"국뽕과 망상에 심취한 드라마
일단 군사전문가가 고증에 참여했음에도 불구하고
여러가지 오류를 범하는 드라마는 참...
일단 보여주기식 액션이 난무 하고
오글거리는 장면또한 많아서 보기가 힘들더라
그런데 이런걸 아줌마들이 좋아하니...
우리나라 드라마는 아줌마타겟으로 만드니
미드와 같은 수준이 안되는거지만..."
5.0,"아주 끝내주는 드라마지 말입니다
보시면 후회 안하지 말입니다"
5.0,"그동안을 떠올려보면 나는 김은숙 작가의 드라마와는 취향이 참 안 맞는 것 같다. 그리고 오글거리는 걸 못 참기도 했지만, 그걸 다 떠나 보면서 거슬리는 장면이 많았다.

먼지가 푹푹 나리는 사고 현장에서의 개복수술(천막이라도 칠 수 없었나), 좋아하는 여자 뺨에 총 포인터로 하트그리기, 총 맞고 심장멎은 유시진이 심장뛰자마자 멀쩡하게 걸어다닌다거나(늑대소년의 철수?)...

이런 것들이 거슬리기 시작하니 도무지 집중이 되질 않는다. 어지간한 건 스스로 근거를 만들거나 추측을 하며 잘 넘어가는데 위의 경우들은 그게 되질 않았다..."
5.0,"오글거리지만 나름 볼만했는데 결말 엥.. 그치만 ♡진지커플♡ 땜에 끝까지 봄.
오늘 송송커플 결혼한다고 태후 긴급편성해서 아버지가 이상해 보려구 틀었다가 못봄.. 흥칫뿡"
0.5,"봐도봐도 또봐도 재밌고 설렘
매 회에 명장면이 있어서 볼 때마다
아니 이 장면도 이번 회차라고? 하면서 놀람"
1.0,"이렇게 말도 안 되는걸 붙들고 있게하는 것도 능력이야 진짜
-
달리는 오토바이 앞에 서서 장난감총을 쏠때부터"
0.5,이건 역대급이다 진짜 레알 최고 드라마 소장가치 100퍼
3.5,"드라마는 드라마일뿐 ㅋ 충분히 즐기면서 감상했다
송중기가 너무 잘생겼네..."
3.0,군대에서 말입니다 썼다가 큰일났지 말입니다~
4.0,"메인커플보다 서브커플의 스토리가 더 좋다.
김은숙 특유의 말장난, 남주끼리의 캐미가 여기서도 돋보여서 좋다."
3.0,인싸가 되기 위해 억지로 참고봤지만 도중에 도저히 못보겠어서 포기
4.0,기억나는건 PPL뿐
2.5,"송중기 송혜교 커플을 본다면 최고의 드라마.
현실적인 밀리터리 드라마로서 본다면 재앙과도 같은 드라마.
팬들에겐 미안하지만 난 압도적인 후자다."
4.0,5점이지 말입니다!
4.0,"우리가 김은숙표 드라마를 좋아하는 건 단순히 판타지를 충족시켜줘서가 아니라, 다소 오글거려도 깊은 공감을 불러일으키고 의표를 찌르는 유의미한 대사들이 있기 때문이다. 그런데 이건 너무 대놓고 그냥 유치하다. 어째서 엘리트(의사, 대위)들이 전작(상속자들)의 고딩들보다 못한 대사를 내뱉는 것인가..."
3.0,"세상 어느천지에 군인이 그따우로 말하디?
군대 1도 모르는 사람이 쓴 인소 인 줄.
꺼져 좀..나 사실 이 드라마 진짜 싫어했어..
네가 너무 좋아해길래 이야기는 안 했는데..
진짜 싫었어.."
2.0,당시 워킹데드를 정주행 하던 나는 태양의 후예를 친구 때문에 보기 시작했다. 진구와 김지원의 케미가 제일 좋았다. 그리고 피콜로 박훈은 매력적이였다.♡
2.5,재미있게 봤다.
4.0,친구들이 왜 태양의후예태양의후예하는지 알겠더라구요 코믹한 장면도 많았고 군인과 의사간의사랑 그리고 군부대 내에서의 사랑 윤명주와 서대영상사가 가장 로맨스가절절했고 유대위와 강모연의 사랑은 재미이있었으며 명대사가 많이탄생했던 드라마죠? 또한 자동차키스 정말 설렜습니다.
4.0,막강 판타지
1.0,비주얼의 완벽한 승리.
0.5,얼굴에 의해 완성된 드라마. 스토리는 그냥 그런...
4.0,"대사 하나는 진짜 쫄깃.
근데 의학물에 나오는 모든 상황, 군대물에 나오는 모든 상황들이 다 다오냐ㅋㅋ"
3.5,"수많은 어록 남기신 유시진 대위님 덕분에 
몇 달간 행복했지 말입니다♡
(그럼에도 스토리는 구원커플이 압승)
-----------------------------------------------------
난 김은숙 특유의 오글거림이 싫지 않다. 그런 나도 죽은 줄 알았던 유시진이 몇달만에 살아돌아와 무전기를 통해 건넨 첫마디가 '이쁜이, 응답합니다' 였을 땐 '미친..적당히 해라 진짜' 했다.   시도때도 없는 드립은 사양해"
4.0,이건 오로지 네 명의 주연배우를 위한 점수이다.
3.5,"미모, 재미, PPL"
3.0,사과할까요 고백할까요
1.0,김은숙 대사빨로 인한 잔재미만 가득 ㅠ ㅠ
1.5,너무나도 비현실적이라 더욱 드라마같았다.
4.5,"송송커플과 진구커플의 러브스토리 보는 맛.
전체적인 색감과 영상이 이쁨.
오글오글 닭살닭살 하는 맛에 봄.
현실성은 놉!"
4.0,윤명주 중위 서대영 상사가 나는 더.
2.5,송중기가 개연성.
3.0,뒤에가선 제네시스 광고만보인게 아쉽다
5.0,오글오글 불사신 송중기
1.5,"드라마 그 자체 
의사와 군인의 직업관이 너무 예뻤음 ㅠㅠ"
4.0,군생활 막판에 후임들이 이거 보자고 졸라대서 너무 힘들었다.
4.5,"오글거리는건 개인차인데
고증문제가 심각하다"
4.5,아마겟돈 우주전쟁 인터스텔라보다 더한 공상드라마
3.5,송중기 넘 멋있지말입니다 근데 넘 오글거렸지말입니다...'^'
3.5,"장난 인듯 장난이 아니지 말입니다 ㅠ0ㅠ)9999
... 저도 송중기 쥬세여 ^ㅠ^...."
3.0,군대 이야긴 분명 비현실적인 요소가 많은 것 같다. 근데 이건 원래 드라마니까 주어진 주제를 잘 살린 것으로도  충분한 거 같음ㅎㅎ이보다 오그라들고 로맨스 폴폴 풍길 수 있는가! 2016년 상반기 최고였다ㅎㅎ대사도 ost도 영상도 다 좋았음(말입니다가 좋은건 아님ㅋㅋ)
2.5,스케일이 커서 볼만하지 말입니다.
4.5,cpr때문에 1점줌
1.0,아름다운 영상미. 근데 거지같은 말투와 민간인에게 총겨누며 사랑표현하는 건 좀 아니지
5.0,몰아보기로 봤는데 정주행으로 본 사람들이 왜 태후하는 날만 기다렸는지 알겠더라~ 개인적으로 결말은 조금 맘에 안든다ㅎ
4.5,3일동안 틈틈히 1편부터 16편까지 정주행한 결과. 죽는 설정 빼고는 연출도 시나리오도 아주 맘에 든다. 수위 조절도 잘 했고 불편함도 없었다. 원작이 탄탄해서 그런가 비교적 맘에 드는 작품이다.
2.0,과도한 PPL
4.0,군대 갔다온 남자들이 왜 별로 안 좋아하는지 알겠다
3.5,나이들수록 이런드라마가 왜이리좋은지ㅜㅅㅜ
3.5,"군인,조국,북한 아,,,KBS스러워. 아무리 송중기송혜교 절대미모라도 한계가 있다."
3.0,"아무리 현실성 없는 드라마 이지만,
너무 현실 처럼 풀어 놓아서 좋았다.
설레었고 그런 사랑을 꿈꾸게 되는 극이었다.
어디 있나 나의 님."
보고싶어요,"유어 마 데스트니~~~이
2회 마지막씬에 유시진이 헬기타고 떠나는 장면을 보고 반햇다
영화보다 더영화 같고 드라마보다 더 드라마틱하다
하어로 유시진의 엔딩을보고 너무나 가슴 뿌듯해서 올해에 다른 드라마는 안보려고 햇엇다 그게 김은숙 작가와 유대위 강모연에 대한 예우라 생각햇엇다
그러던 어느날 난 ""또!오해영!!""이라는 드라마에 손을 대기 시작하는데... ."
3.0,사전제작이 주는 퀄리티가 드라마의 스토리를 만나 정말 멋진 드라마를 완성했다.
4.0,"성공할 수 밖에 없던 드라마.
허지만, 너무 일찍 터트린 축포에 후반으로 갈 수록 긴장감이 떨어진 것은 사실."
2.5,유머코드는 괜찮은듯
2.0,"현실에선 일어날수 없는 판타지 로맨스.
ppl이 극중 흐름을 끊어버리는게 제일아쉽다"
2.0,"""그러지 마…"" 그 영상에 홀려서 내가."
2.5,(뒤늦은 코멘트) 새로운 신드롬을 불러일으킬만큼 오랜만에 파급력이 컸던 드라마였다. 초반에는 4회를 몰아서 보았지만 그 자리에서 연달아 볼만큼 몰입력이 컸다. 무엇보다 자신의 감정을 숨기지 않고 직설적으로 표현하는 유시진은 모든 여성들의 로망이지 않을까 싶다.
보고싶어요,"고증은 개나주고 국뽕은 할짝할짝.
비주얼과 달달함으로 포장하기엔 단점이 너무 많다"
5.0,최곱니다!!!♡♡
0.5,"각자의 직업에 대한 책임과 애정 그리고 현실과의 타협이 돋보였던 드라마.
배우들의 비쥬얼이나 연기력 그리고 주연 커플을 포함한 여러 커플의 재치있는 로맨틱 모두가 흥미롭고 재미있었지만 이 드라마의 평을 높이는데 가장 지대한 영향을 끼친 것은 바로 캐릭터들의 사상이였지 싶다. 특히나 군인들의 신념과 의무에 대한 책임감 등이 가장 빛났고 감동을 주었다.
또 전쟁, 불치병, 암거래, 부패한 정치인, 속물 캐릭터, 빽에 의한 진급 등의 현실을 다른 무엇보다 현실감 있게 담아내주어서 멀지 않은, 자신과 밀접한 곳의 이야기라는 것이 느껴져 드라마를 더 가슴 깊이 감상할 수 있었다.
또 현실적이고 암울한 시련들 속에서 인물들의 고뇌와 성장들이 나의 성향과 잘 맞아 정신 없이 몰입하게 되었던 드라마였다."
3.0,"송혜교땜에 큰 기대를 했지만 그냥 비쥬얼커플연기라는거...그냥 송혜교는 예쁘다
나는 솔직히 송중기 그냥저냥 별루~~~
너무 미소년 이미지가 너무 커서~~~
그보다 진구가 더 훨씬 나았다는거~~~
또 이이경의 애드립같은 대사가 재밌었다는거."
4.0,"유치한데, 뒷내용이 궁금한 드라마"
4.0,인물에 매력을 끝없이 붓는다. 그걸 또 담아낸다.
4.0,김은숙이 쓴 부분은 재밌고 김원석이 쓴 부분은 재미없음
4.0,"2편까지만 잘 참아보자.
적응한건지 몰라도 점점 재밌어진다..
참고로 드라마의 장르는 아마도 연애+판타지 일거다.
유대위는 아마 데미갓쯤 될거고."
0.5,송송커플이랑 구원커플 너무 좋아요♡♡♡
2.0,"송혜교는 예쁘다
오랜만에 달달허구먼"
5.0,원래 드라마는 오글거리는 맛으로ㅋㅋㅋ찰진대사와 환상적 비쥬얼의 콜라보
0.5,김은숙 작가의 로코 덕질은 항상 흑역사가 되더라.
5.0,"상황만 있을 뿐 인물의 딜레마와 감정선이 유기적이지 못하다. 또한, 그들을 괴롭히는 '적'들은 모두 평면적이어서 매력이 없고, 사랑한다고 부르짖는 그들은 연기는 그 이상도 이하도 아니었다. 온갖 기름칠만 가득한 쇼에 지나지 않았던 드라마."
5.0,시청률 고공행진의 이유를 알다가도 모르겠다.  앞으로 배우 개런티는 더 오르겠구나.
3.0,말도 안돼!를 외치면서도 결국 보게 되지 말입니다
2.5,태양의 후예 전편  다 봤 습니다. 넘나 꿀잼 ㅋㅋ
5.0,"믿고 보는 김은숙 작가. 5분 보고서 '아! 이 드라마 작가가 김은숙이구나!' 딱 알겠더라.
위트 있는 찰진 대사들이 하나하나 모두 재밌다.
그러나 더럽게 과도한 ppl이 별점을 까먹었다.
2017.05.02. 다시 정주행했다. 정말 대단한 명작이라 별점 4.9점에 반올림해서 만점을 주기로 했다. ppl이 0.1덤을 까먹은게 정말 아쉽다."
3.0,"배우들이 아깝고 별 한개도 아까운,"
4.5,"오그라든 손발로 ""말도 안돼! 완전 드라마네 드라마! 쳇"" 외치고 있는데 눈을 뗄 수가 없어... ㄷㄷ"
2.0,한국 드라마에서 이런 캐릭터와 이런 영상미를 볼 수 있을 줄은 몰랐다.
2.5,초반에는 재밌었는데 후반부로 갈 수록 좀 오글거림
2.0,"군대 미화는 좀 그렇지만
그래도 오글거려도 보게끔 잘 만들엇다"
4.0,이정도면 시청양호!
3.5,"빛 좋은 개살구, 속 빈 강정.
개연성 없기가 아주 무례한 수준."
4.0,원래 김은숙작가가 첫눈에 반한 영원한 사랑 스토리 전문인건 알고  보는거고. 그리고 김은숙작가 특유의 대사 사실 개인적인 말투라 부자연스러운 경향도 있는데 그래도 사전제작이라 스케일이 제대로인건 인정. 스토리보다는 순간순간의 멜로가 끌리는 드라마였고 뭔가 다양화해보겠다고 블록버스터적 요소를 끌어온건 앞으로 더 나은 작품을 기대해봐도 좋겠다는 생각을 하게 함. 암튼 주인공들은 제대로 계탄거고.
3.5,팬심으로 준다 5점
4.5,철저한 킬링타임용 내뇌망상으로 끝내지...작업할때 노동요대신 틀어놓으면 볼만한수준
2.0,드라마 볼맛났던 시기
3.5,유시진 대위~~~
5.0,판타지 오락 드라마로 규정하고 보면 가볍고 재밌게 볼 수 있습니다!ㅎㅎ
3.5,음..못보겠다.
5.0,"남자친구때문에 억지로 보는 것도 힘들었는데, 종영 후에도 유시진 대위 말투를 따라하는 남자친구로 인해 고통이 계속된다"
3.5,"무언가에 빠져있었던
친구들과 이야깃거리가 하나 더생겼던
넘나 재밌던 것"
3.5,"아름다운 영상, 아름다운 배우.
다만 지나친 설정과 하이틴로맨스급의 대사는 몸서리 칠 정도."
5.0,"리얼리티를 초월하는 판타지의 힘. 
이상을 통해 아름답고 바람직한 현실을 소망하게 되는 것."
4.0,"우리나라 상업드라마의 현주소라고 할까...
그냥 송중기 이미지 변신도 싫고 탈세교도 싫고 대통령이 군인 이미지 좋게 만들었다고 웬 착각에 빠져서 송중기 불러다 사진찍는것도 싫음"
3.0,"리얼리티로 시비를 걸면 드라마는 다큐가 아니라고 말할 게 뻔하니 접어두고, 내러티브니 개연성이니 하는 것들을 안드로메다로 날려보낸건 어떻게 설명할건데?"
3.0,"그들의 얼굴이 열일했고, 얼굴에 집중할수 있는 연기가 좋았고, 진지할수 있는 소재가 너무 가벼워 당황스러워 그냥 판타지라고 받아들이는 나를 발견했다."
1.5,처음부터 끝까지 가벼운 말장난. 괜찮은 소재를 더 살리지 못한게 아쉽다. 배경과 배우들은 이렇게 예쁜데...
3.0,"+ 영상미. 색감. 연출.
+ 운율이 살아있는 대사가 인상적
+ 오글거리는 대사를 담담하게 소화
+ 주제(로맨스에 묻힌 느낌이 들지만..)
+ 유시진이라는, 능글맞고 능청스러운 캐릭터. 송중기가 이런 캐릭터를 잘 소화하는 듯
- PPL...1시간짜리 광고를 몇 편이나 찍은 거야..
- 뜬금없이 제4의 벽을 깨부수는...뭐 나름 신선하긴 했지만 뜬금없음"
1.0,"마지막화에 지금까지 연극이였어염^^ 이라는 식의
마무리는 -1.5 극혐"
4.5,김지원 예뻐요
3.5,유치하고 오글거리고 먼가 어색한데 자꾸 보게된다..  드라마의 완성은 아무래도 얼굴인듯. 근데 재탕은 못할것같다.
3.0,잘 풀어낸 로맨틱 판타지의 공식
4.0,식민지의 열등감과 제국주의의 꿈이 투영된 군국주의 판타지.
0.5,2016 05 07 완
3.5,송중기 송중기 송중기
5.0,너무 과했어
4.0,"톱스타의 캐스팅이라고해서 완벽한드라마는 나올수없다. 또한 드라마구조와 스토리상 문제되는부분이없지도않다.
김은숙작가의 대본이 유치하고오글거리는점도있지만 각종유행어를만들고 대사하나하나를들어봐도 필력이좋다.
스토리상 말도안되는부분을 전부 커버하진못했지만
군인과의사 각자가해야하는 일,숙명,전쟁 등을 대조적으로표현한 연출도매우훌륭했다.
여러모로문제가많은배우 송혜교도 이작품안에서의 눈물연기는 스토리의막장을 커버할정도로 굉장했고, 군대 후 첫작품으로 이걸선택한 송중기도 남성적인눈빛과 유머러스한면모의 캐릭터를    훌륭하게 소화했다.
현실적이지않아도 군인과의사라는소재로 이런스토리를 짜낸 김은숙작가는 충분히훌륭하고 주목받을만하다.
평이좋은리뷰들은 객관적인관점이없다고했는가? 그럼
1화나2화만을보고 드라마전체를평해놓은리뷰들은 객관적이라고 할수있는가? 이 작품의별점이 못마땅하다고 생각할수있지만
별점이높은이유는 그럴만한이유가있기때문이다.
이런`망상`드라마에서는 단지군인과의사의로맨스가 망상이라는점 말고도 이작품에서나온 재난현장 등의 망상도 주목해야한다. 우리가 운이좋아여기살아서그렇지 재난현장이 망상이아닌나라도 충분히많다는것을 기억해줬으면좋겠다.
그리고 이드라마가 그것을충분히표현하고싶어했다는 점도 고려해야할필요가있다."
2.5,"이토록 불친절한 김은숙의 작품은 처음이다.
'나 김은숙이야' 한마디하곤 닥치고 보길 강요한다.
어찌됐든 김은숙이다.
역시 김은숙이다."
3.0,수신양호
3.0,진짜 핵꿀잼  넘나 멋진 송중기♡ 진구 ♡
3.5,"볼때는 재미있었지만, 여운이 깊지않은 드라마"
3.5,여자들 심쿵하게 만든 오글 멘트...외모랑 체형은 군인 아니지 말입니다.
4.0,"쓸데없이 위험하고, 필요없이 갈등을 만들고, 이유없이 불쌍하며, 비정상적으로 애절하다. 이 모든 것이 판타지라는 이름으로 감정 이입되어 빛나는... 대한민국에만 존재하는 김은숙이라는 드라마 장르!"
3.0,시청률이 재미를 보장하지는 않는다는 실례
2.0,유시진 대위님~ 이건 너무 그러합니다.
3.5,나한테 이러지 말지 말입니다
4.5,"후반부로 갈수록 캐릭터 붕괴되고 결말도 똥이였지만 대사 하나하나가 참 주옥같았다
정말.. 나의 인생드라마가 또 나왔다 물론 마지막화 빼고"
4.0,마음은 3점이지만 송중기님의 얼굴에 +0.5
3.5,"송중기 진구 아니었음 망했을듯
송혜교 무매력 ㅜ나올때마다 재미없어짐
4화까지만 재밌었다"
1.5,"역시 김은숙이다. 다소 맹숭맹숭할 수 있는 군대를 이넣게 깜칙한 로맨틱 이야기로 만들다니 최고다.
그곳에 울 혜교님은 세월이 흘러도 변하지 않는 모든 뭍 남자들의 로망이자 여신이당"
2.5,밀덕이고 고증이고를 떠나서 군대에 대해서 정말 하나도 모르는게 느껴진다. 말투만 따라하면 끝인가? 주위에 군대 다녀온 사람 하나 없나?
4.0,PPL로 버무려진 여자들의 포르노!!!
4.0,"허접한 스토리전개와 판타지에가까운 설정등등의 수많은단점들을 엄청난배우들의비주얼과 인간내면의 로맨스적판타지자극, 그리고 쏟아내는 새로운챕터의스토리로 감추려한드라마. 굉장히 값싸고저렴한 B급의 방법이라생각하지만 결과는그래도 최악은아닌것같아서 별세개.
때론 꼭 재밌거나 좋은작품이아니어도 흥행에성공하는경우가있다는 증거가되줄것같다. 그리고 입소문에의해 대중심리로 재밌어진 드라마같다"
5.0,구원커플?
5.0,"으아아아아아아아ㅏ아아앙ㅇㅇ 재밌어 ㅠㅠㅠㅠ3
부실한 결말 때문에 별 4개!"
4.0,"일단 송탈세때문에 별하나빼고 내용 거지같아서 하나빼고 송탈세 캐릭터 싫어서 반개뺀다
송중기얼굴이 재밌어서 봤다 역시 잘생긴게 젤 재밌어ㅠ"
3.0,고증이고 나발이고 솔직히 재밌긴 했다. 가볍게 보기 좋은 돈 많이 들인 드라마.
3.5,김은숙 작가는 여자들을 위한 자비스다.
3.0,모든 개연성은 유시진 대위님의 얼굴.
1.0,연애세포 자극시키는 멋진 군인과 이쁜 의사
4.0,전개는 송중기
3.5,결이 기승전을 무색하게 만들었지 말입니다
3.5,"개연성 말아먹었어도 송중기 하나 보고 재밌게 보고 있었는데 마지막 두 화...
지금까지 본 나한테 이러면 안되지... 왜 그랬어..."
4.5,과연 주인공이 다른 배우였으면 이렇게까지 떴을까
3.5,"그래 재미도 있고 색다른 시도이다. 국위선양도 한거 같은데.....
그래두 뒤쪽에 가선 좀...그렇죠?솔직히?"
4.5,"역시 김은숙은 다르다.
판타지+로맨스는 따라올 자가 없다.
이 드라마 역시."
4.0,"송중기 얼굴이 다 해먹었네 ㅠㅠ 없는 개연성도 얼굴로 다 납득이 감 ㅋㅋㅋㅋ 진구도 멋있었고, 전까지는 순둥순둥 귀염상이였던 송중기가 여기선 남자남자해서 선덕거림"
4.0,"2000년대 초반에 판치던 인터넷소설들을 보는듯한 오글거림. 그 오글거림을 커버쳐주는 배우들의 힘. 송혜교는 노희경트레이닝 한번 더 받아야 할 듯. 김지원, 김민석, 이승준이 올해의 발견."
1.5,"내가 이상한가봄 다들 재밌고 쩐다고..
송혜교 덕훈데 도저히 못보겠음
그냥 제대로 된 판타지영화를 보지 왜.."
1.0,김은숙 작가님 참 좋아하지 말입니다. 그치만 저에겐 태양의 후예는 작가님 작품 순위 중에서 하위권이네요....
5.0,스토리가  되게 신선했던 것 같다. 일단 의사와 군인의 케미와 스케일이 다른 스토리가 더 현실에서는 일어날 것 같지않은 판타지적 느낌을 만든것같다. 하지만 너무 지나친 ppl과 좀 아쉬웠던 연기력이 드라마의 집중도를 떨어트리지 않았나 생각한다.
4.5,송중기말대로 유시진과 강모연을 위해 지진도나고 전염병도 걸리고 헬기도 뜨는 이야기. 개연성은 송중기. 근데 특유의 대사체와 영상미로 괜찮았음. 진구와 김지원은 진짜 귀엽게 잘 어울렸다.
4.0,"순풍산부인과 때부터 좋아했던 송혜교
이틀만에 정주행 완료."
2.0,대박 꿀잼!
2.0,"스토리는 별로
그러나 모든 별로를 뛰어넘는
""혜교님의 비주얼"""
4.5,몰아봤다. 오글거려 죽는줄 알았다.. 그래도 끝까지 본거보면 참을만 했던듯
3.0,"관전포인트는 송중기와 송혜교의 완벽한 비주얼 뿐이지 말입니다. 
오글거림에도 불구하고 묘하게 재미가 있습니다만, 전반적으로 개연성이 너무 떨어져서 번번이 몰입이 깨지는 드라마."
3.0,소름돋는 유치함과 말장난이 선사하는 재미짐
3.0,진짜 개빡친다
2.0,작정하고 제대로 만든 드라마(여러가지 의미로)
1.5,"태양의 후예2
레버넌트:죽음에서 돌아온 자들"
4.5,김은숙표 드라마 그 자체. 후반부로 갈수록 떨어진 긴장감이 아쉬웠다.
4.5,"지켜야할 것을 지키는 잘생기고 피부뽀얀 군인과, 방송하는 의사답지 않게 봉사와도 잘어울리는 의사, 지진, 전염병 .... 온통 현실과는 거리가 멀어 더욱 꿈처럼 아름다웠던 그곳, 그들. 마지막회를 장식해준 수많은 유시진과 강모연이 더이상 판타지가 아니길 바라며. ""애기야 가자""의 히로인 김은숙작가님표 병맛 판타지 로코. 잘봤어요!"
3.0,유시진 유시진 앓이
2.5,"진짜, 진짜 잘 만든 드라마.
매 화 예고편은 거의 예술수준."
2.0,아 이제수요일10시를기다리는 낙이없네..
3.0,시리즈로 나와서 더 길게 호흡했었더라면.
4.5,대한민국이 단체로 마법에 걸린게 틀림없다.. 꽃보다 남자때와 비슷한 상황이다
3.5,드.완.얼이지 말입니다
4.0,작가의 센스가 돋보임! 언어유희를 즐기시는듯 ㅎㅎ
4.0,용두사미
4.0,예상했듯 용두사미. 하지만 김은숙의 명랑 드라마는 우울한 헬조선에서 언제나 먹힌다는 사실!
3.5,"신선한인물. 넘쳐나는 간접광고. 개연성없는 전개의 연속. 관객의 몰입도를 억지로 짜내려는 장치들. 아름다운 자킨토스섬.
그러므로 좋은점하나당 별1개씩."
3.0,송중기는 트리플 지풍호 이전부터 꾸준히 내 최애이나..김은숙 작가 좋아하긴 하는데 이번엔 좀 오글거리긴 했고 아니나다를까 이번에도 송혜교 연기톤 넘나 지루한것..
0.5,"갓지원..
군인에 대한 드라마로 과장된 면이 없지않아 있지만 우리나라 군인들에 대한 이미지를 많이 긍정적이게 바꿔줬다는 점에서 정말 칭찬해주고싶은 드라마라고 생각한다
군대를 갔다온 사람의 입장에서 군인은 이래나 저래나 힘들게 우리나라를 지켜주는 숭고한 사람이 맞고 우리 사회에서 군인에 대한 인식이 변해야한다고 생각했다
조금은 오글거리고 유치하기도 했지만 우리 눈에 보이지 않는 영웅들을 그려냈다는 점에서 멋졌고, 러브라인도 참 예뻤고, 해피엔딩이라 가장 좋았다"
4.5,서상사를 이제 어디가서 보나...
2.0,"배우만 남았다.
명불허전인줄 알았는데 용두사미."
5.0,마지막 두편은 조금 실망
4.5,태후는 판타지 드라마라고 하지.. 판타지에 오글거림은 참을 수 없었다
3.0,"리얼리티 제로의 어른들은 위한 동화.
오글거리는 대사와 배우들의 예쁜모습마저 없었다면 별 한개도 아까운 작품. 
군대를 다녀온 수많은 남자들의 혀를 끌끌 차게 만들어줌."
3.5,"앞에 14회를 다 말아먹을만한 마지막 2회였지만, 14회동안 행복했으므로."
3.0,이렇게 사랑스러운 군인이라니.
2.0,ㅋㅋ
2.5,"웬만한 연출로는 감당이 안 되는 대사인데 넘나 평이했고요 그마저도 다 죽여버리는 송혜교 연기... 와우..
송중기의 잘생김과 김지원의 미모가 개연성이었다"
4.5,재미있게 보기는 했는데 산으로 가는 스토리에 오그라드는 내 손발은 어쩔...  캐릭터를 살린 대신 완성도를 버렸다
3.0,"12회까지 잘 나가다 마지막 4회에서 말아먹었다.
ppl을 그런식으로 넣을거면 차라리 중간광고를 넣어라...
사전제작이 퀄리티를 보장하지않는다는 것을 보여준 좋은 예!!!"
2.0,유대위님!!♡♡
3.0,오글거려서 못 보겠다. 1분을 못 넘기겠다.
3.5,초반에 몰입도와 흡입력이 마지막까지 갔더라면.....
3.0,대중을 끌어잡는 역시 김은숙작가님이다
3.5,"잠깐이나마 군대에 다시가는것도
좋을것같다 ..라고 생각하게 해준
기적과같았던 드라마
대한민국의 현재와 미래의
최고의 여배우가 한작품에 모였다"
4.0,"총알은 사랑이라는 방패로 막아지는구나
유시진 대위 오뚝이지말입니다.
군대판타지물을 본다고 생각하면 될 듯..
오글오글 주의 말그대로 드.라.마"
5.0,"지상파 드라마 시청률의 회복, 사전제작 드라마의 성공, 삼각관계없는 로맨스, PPL 연출 실패, 여성만을 타겟으로 한 드라마, 송중기의 성장, kbs와 2차판권을 산 싸이더스의 안목"
4.0,개연성 없고 오글거리는데 이상하게 재밌다
5.0,연출 음악 정말 최악 유치하고 단순하고 캐릭터에 입체감도 없고 대사는 미사여구만 줄줄 자연스럽지도 못하고 배우 얼굴 빼놓곤 내새울세 없는 드라마
5.0,흐흐 막장으로 치닫는 스토리면 어때! 남자는 제복이지!
1.0,전형적인 양산형 드라마 느낌. 아무리 허구적 스토리를 다루는 드라마라지만 CPR 하는 장면만큼은 수정 좀 됐으면 좋겠음.
1.0,대박!!!짱
3.5,"오글거리는건 생각보다 견딜만했음! 기타 나머지 어쨋든 뭐든기대이상이었음!!
하지만 마지막으로 갈수록 과하고도 괴상한(?!!) PPL이 점수를 깍게만듬 ㅠㅜ"
2.0,재미는 있었지만 뒤로 갈수록 너무 허술했음..
5.0,"뒤로 갈수록 서사를 잃고 대사로 끌고 나갔지만
캐릭터들의 힘으로 완성된 드라마"
3.0,일부장면들만봐도 안보길 잘했다는 생각이든다.
2.5,"열패감으로 송중기는 싫지말입니다.
진구형님은 좋지 말입니다.
적당히 잼있었지말입니다."
5.0,"드라마와 소설은 현실과 다르다고들 얘기하지만, 그럼에도 불구하고 개연성은 존재해야 한다.
개연성이 떨어지는 이야기는 이야기로서의 가치가 떨어진다. 최소한 총의 조준경으로 다른 사람을 바라보는 씬과 사막에서 개복수술 하는 씬은 없었어야 하지 않았을까?"
3.5,그래서 유시진이 태양의 후예란 얘기인 걸까.. 제목이 의미하는 바가 뭔지 아직도 잘 모르겠다. 그냥 남는 건 유시진대위님... 그리고 나의 중기오빠...
2.5,"객관적으로만 보면 남주 히어로 만들고 극적반전만 있는 별 세개정도 드라마지만 매력은 충분히 있다
오글거리지만 중독성있는 김은숙 작가 특유의 대사, 볼거리 풍성한 우르크 경관, 무엇보다 엄청나게 훈훈한 배우들❤❤❤
사전제작드라마의 성공에 의미를 두며 앞으로 사전제작이 많아지길:-)"
4.5,오글거림의 끝에 작가의 할말을 했다. 한 수 배움.
1.0,드완얼. 여기저기서 죄다 군대말투 때문에 더 빡침.
4.0,그대는 진정 ppl의 후예였다...
3.5,"기대보다는 약간 실망스러운게 사실이긴 하나,
간만에 제대로 강한 남자들이 나와서 그건 좋았다. (그래도 현실엔 별로 없지만). 
요즘 영화에선 죄다 깡패들만 나오고, 예능이나 드라마에선 그냥 욱하고 성질만 부리면 ""강한남자/쎈 언니""라고 해주는 것도 결국 얄팍한 어거지 컵셉잡기일 뿐."
4.0,"김은숙의 대사는 인정, 산으로 갔는지 바다로 갔는지 모를 서사 전개는 정말이지 봐줄 수가 없는 지경이었으나 주인공들의 케미와 연기력 덕분에 겨우 완주에 성공."
3.0,송송 캬캬 단결!
2.5,어차피 멜로! 달달해서 좋았다^^
2.0,"많은 명대사, 명장면, 명OST를 남긴 드라마이지 말입니다.
전대원 총구앞에 정렬
그럼 살려요
의사면 남자친구 없겠네요, 바빠서
진지분위기에 유머러스함이 더해져서 마지막 엔딩까지 보기좋은 드라마였다."
4.0,이런 드라마는 보는 순간 흐뭇 해지지ㅋㅋ
3.0,?
2.5,"그 어려운 걸 자꾸 해냅니다, 내가. 
유시진대위님께 드리는 5점!"
3.5,만약 이걸보고 군대에 대한 환상을 갖는다면 빨리 지우길 바란다... 띄엄띄엄 보긴 했지만... 하.. 진짜 군알못 작가가 모든 여자들위 판타지를 짜깁기 해서 때려박아놓은 결정체가 아닌가 싶다... 현실성이라고는 사람이 군인을 하고 있다는것 정도?가 아닐까 싶다... 백퍼센트 허구다 허구... 현실은 ㅈㄴ 잔인하고 냉혹하고 그렇게 아름답지 않다... 군대에서 자살하는사람 은근 많다는갈 염두해 두어라...
3.5,와이프가 태양의 후예때문에 과일을 안깍아준다
3.0,유시진의 불사조 같은 모습은 좀 그랬지만 부분부분 따져보면 괜찮은 드라마. 라고 담담하게 썼지만 본방 사수하면서 완전 재밌게 봄
3.5,솔직히 재미는 없음..하지만 송중기는 포기할수 없음 아흑
3.5,그걸 또 해냅니다.
4.0,송중기님 드라마 대박났으니  바로 다음작품 부탁드려요. 물 들어올때 노 저어야죠
3.5,꿈에서 유시진 대위님 만날 정돈 아니지말입니다.
3.0,솔직히 마지막회는 너무너무 오그라들었지 말입니다
2.5,"거창하게 시작했지만 끝내 송중기의 멜로 그 이상을 그려내지 못했다. 매력적인 캐릭터들을 만들어놓고 그들의 연애, 사랑만을 담기에는 그들이 밟고 서있는 현실이 너무 무거웠다. 그럼에도 불구하고 송중기의 대표작으로 남을 드라마이며, 흥행이 극적 완성도와는 전혀 상관 없음을 가르쳐준 드라마."
3.0,남자가 봐도 멋진 송중기
3.0,"[4.5] 말이 필요한가.
.
파리의 연인 엔딩에 너무나도 큰 충격을 받아서, 신사의 품격을 볼 때까지 김은숙 작가라는 사람이 있었는지도 잊었던 게 어제같다. 그래도 최근작은 다 맘에 든다. 특유의 오글거리는 감성이 딱 내 취향이라.
.
다만 배우들 중 유일하게 송혜교만 극에 녹아들지 못하고 어색한 느낌. 심지어 보는 내내 송중기랑도 케미가 안맞는다 싶은데, 그렇다고 딱히 다른 배우가 떠오르지도 않는 것 보면 그냥 나만의 문제인가 싶기도 하다.
.
사극보다 현대극에서 리얼리티를 찾지는 않아서, 이런 식의 판타지라면 환영이다. 현대극이 리얼리티면 거의 다큐나 정치극 아니면 송곳처럼 씁쓸한 내용이지, 이런 트렌디 드라마가 가능한가. 그런 의미에서 군대 내용가지고 까는건 별로 설득력 있는 비평은 아니라고 생각함.
.
역시 사전제작을 해야 퀄리티가 더 높아진다는 명제를 누구보다 훌륭하게 증명한 작품이다. 이 작품을 계기로 국내 드라마 제작 환경이 조금 변했으면 좋겠다."
4.0,판타지x판타지x판타지 = 송중기 송혜교의 미모. 미모말고 스토리를 원한다.
0.5,"꽃미남/꽃미녀 보는 재미, 톡톡 튀는 대사 듣는 재미가 있다. 웃겼다 울렸다하는 재미와 ppl 보는 재미도;; 나의 시선으론 이 정도면 상업드라마로서는 최선이지 말입니다."
4.5,"항상 바보가 되는 델타포스와 오글거리는 국수주의적  스토리.
초코파이와 홍삼의 힘은 델타포스도 이기는 세계최강
애초에 군대에서는 ""~말입니다""를 반말로 간주하기때문에 처맞습니다
그리고 우르크같은 아프리카 밖에서 수술하면 먼지가 인체의 장기를 오염시키기 때문에 수술을 들어가기도 전에 뒤져요
덤으로 아무 거리낌없이 민간인에게 조준점까지 써서 사랑질 하는데 민간인 겨누기는 나라에서 금하는 불법이야
작가는 거두절미로 투신해야될거같음그냥"
2.0,"후반부 난무하는 PPL은 실망감을 증폭시켰고,
화산폭발에서 나의 애착도 폭발"
4.5,특전사분들이 너무 아니라고하던데
2.0,재난과 군인이라는 요소의 신선함과 능숙한 멜로판타지. 각 분야의 마스터들이 작정하고 만든 한류드라마. 완벽하진 않아도 얼추 합이 맞아 떨어진 연기와 트렌드를 잘 읽은 드라마의 좋은 예.
3.0,"이런 달달한 드라마 진짜 좋아하고..작가가 심지어 김은숙인데도 난 걍 그러든데..왜 난린지 모르겠는데..
내가 늙은건가....송중기보다 진구가 드디어 인생 드라마 만난듯.."
3.5,"과자로 만들어진 집같다
달콤하지만, 위태로운 기반으로 만들어진 드라마"
3.5,오글미는 참아줄만하지만 마지막 간접광고 폭격은 진짜 못봐주겠다...두 장르의 인물을 가장 성공적이고 유쾌하게 엮은 드라마
3.0,그 동안 수고하신 브랜드에 대한 감사. PPL엔딩
2.5,송중기송중기송중기 송중기송중기송중기 송중기송중기송중기 송중기송중기송중기 송중기송중기송중기 송중기송중기송중기 송중기송중기송중기 송중기송중기송중기 송중기송중기송중기 송중기송중기송중기 송중기송중기송중기 송중기송중기송중기
0.5,군 입대 전에 태후 보고 가니까 뭔가 기분이.... 흙흙흙ㅠㅠㅠㅠ
보고싶어요,"되게 황당한데, 웃기고 재밌고 잘생긴 드라마."
3.5,송혜교는 눈부시다
3.0,각종 ppl과 무리수의 연속이었다고 해도 매주 기다릴 정도로 재밌게 봤으니 그걸로 됐다. 식상한 결말이면 좀 어때? 이루어진 모두가 오래오래 행복하게 살기를..
5.0,송중기의 송중기에 의한 송중기를 위한 드라마
1.5,군인과 의사들의 이야기가 이렇게 재밌고 설레고 그런지 몰랐다. 믿고보는 김은숙작가님의 멘트 하나하나는 주옥같았다.
4.5,"김은숙 작가 작품은 보고 나면 늘 느끼는 게 똑같다 처음에는 와 쩐다 오 이러면서 보다가 끝나고 나면 아 드디어 끝났네!
아무리 송중기 얼굴이 개연성이라지만 휴.."
1.0,"작가가 메디컬물이랑 군대물에 넣고 싶었던 에피소드 다 때려넣음.
개연성을 송중기 얼굴로 치환한 드라마. 연기 못하는 배우들도 꽤 껴 있었는데 그것보다 더 거슬린 건 이 드라마의 당황스러운 전개였다. 차라리 철근 맞고도 멀쩡했던 늑대소년 철수가 한국말 배워서 유시진 된 거라고 해줘요ㅠㅠ 총알 n번 맞고 살아남은 사나이 유대위가 열일했으니 불사조 점수 3점 드립니다."
보고싶어요,"크.. 예쁜데, 내 취향은 아니다. 잘 포장된 막장 드라마 느낌? 드라마가 아무리 픽션이라 해도 적당해야 몰입이 되는데 이건 너무.. 그래도 센스 있는 대사는 역시 김은숙작가 작품인듯. ""나는 당신이 하는 모든 말이 중요해"""
3.0,다본건아닌데 인간적으로 대사가 너무 오글거린다
3.0,오글 오글
4.5,"초반엔 오글거려도 설레고 좋았다 
내가 본 드라마 중 탑이라생각했는데
 후반부로 갈수록 그런 설렘들이 PPL로 인해 (이거 PPL이네 저거 PPL이네) 실망 중??
다른 사람들이 초반에 군대에선 저런말투안쓴다며
비현실적이라고 해도 괜찮았는데 총맞고심정지가됐던 사람이
몇달이지난것도아니고 바로움직인다는것부터 총맞고 또살아나는것부터 더더더비현실적이다 참??"
5.0,한국 드라마수준의 퇴보
보고싶어요,소재선택의 탁월함..
0.5,내용은 산으로 여자들 눈은 하트로...잘만든 광고 시리즈
3.5,이런 영상미와 몰입도의 결과는 장편 cf 였나
보고싶어요,"재밌는 건 알겠는데...좀 현실성 있었으면.
유대위는 죽고 강모연은 진정한 의사로 각성하고.
서상사는 불구되서 발견.이럼 어땠을까?
 드라마작가 테러당할 거 같아.."
5.0,"태양의좀비 홍삼의후예 이쯤되면유사조(서사조도 보여달라) 이등병송중기의꿈으로마무리하는게작가가살길이다 늑대소년이냐 -이어서 특선영화로 <늑대소년> 방영하는 뜬금포ㅋㅋ- 등등 드라마보다 재밌는 댓글과 패러디 양산, 특히 SNL 굿잡."
0.5,스토리 재미 다 떠나서 송송커플이면 충분하지!!^^ 결국 중반 넘어서는 드라마는 안보고 짤만 보게 된 태후!
5.0,왓챠에서 이걸 추천해주다니 취향파악이 제대로 되고있는건지.....??
2.0,배우 감정도 좋고 화면도 좋고 대사도 센스있고 다 좋은데.... 이야기가 현실적이진 않아도 믿을만은 해야 좋은 시나리온데... 15부는 진짜 너무 앞뒤없다;;
3.5,재미도 있는데 비주얼도 좋은데 대사도 설레는데 가끔 보다 현타가 와...ㅜㅜ 훅 와서 짜게 식는다.. 하지만 설레니 버텨야지
4.0,오로지 송중기와 송혜교를 위한 드라마.
4.0,여자를 위한 여자를위한 작가의 유치뽕 또 욘사마가 만둘어 지겠군 한마디로 뭐까고 잡뻐졌다
2.5,태후 재밌지 말입니다
4.5,주인공들의 외모가 너무 비현실적
4.5,오글  거리지만  두배우의 케미는  김은숙  작가가  잘  살린다.
2.5,몇 안되는 삼각관계가 없는 드라마
5.0,"으아아아아아 오글거림
무리수 PPL 좀 그만해
주변사람들 다 보길래 인내심갖고 몇화 봤지만 포기"
2.5,내 머릿속 송중기의 이미지는 성균관스캔들 구용하가 강해서 이 드라마에....그렇게 기대를 많이 하지 않았다. 근데 볼수록 능글맞지만 섬세하고 잘생겼고 그냥 다 짱인 유대위님에게 점점 빠져들더라ㅠㅠ 송혜교는 남배우들과 항상 케미가 좋아서 정말 둘이 연애하는 기분..ㅋㅋㅋㅋㅋ남은 스토리를 어떻게 마무리 지을지 궁금하다! 그리고 구원커플 제발 좀 짠내 그만.... 꽉 막힌 해피엔딩을 원합니다?
3.5,국뽕의 다나까 순정
1.5,닭살이지만 그냥 볼만하다~
5.0,"오글거림을 참기란 쉽지가 않다
그냥 그것도 재미려니 하고 보면 재밌다"
4.0,너무 오글거려서 난 시청을 포기함
4.5,우르크까지만 보면 좋은거 같다
4.5,하.. 진구 너무 멋있다
4.0,안보면후회
4.5,"로맨틱코메디+홈쇼핑
물건팔이+OST팔이+배우광고로 돈벌기+...
영혼 개 없음. 
쓰..레..기.."
2.5,"소문난 잔치상인듯...
본게 아까워서 보는듯...."
5.0,드라마 어떻게 보는거임??
3.0,"5점 먹어라 내 일요일을 다 앗아간 드라마같으니라고
송중기 왜이렇게 설레세요 내스타일 아니셨는데
사랑합니다"
0.5,"스스로가 판타지임을 부정한채 현실적인 척
그 어느것 하나도 설득력을 갖추지 못한 합법적 포르노그라피"
5.0,윤중위가 너무 좋다 김지원 핡
0.5,유치한것도 좋고 오글거리는 것도 좋고 현실성없는것도 다 좋은데 좀 적당히해라
3.0,군인에 대한 평가를 올려주셔서 감사합니다!
5.0,개연성이 송중기. 송중기빼면....드라마가 스토리도 없고 현실반영도 없지만 송중기 나오니깐 으로 모든 게 다 설명됨
3.5,병맛 코드이지만 빠져들게 된다. 매회 반복되는 문제발생 후 쉬운해결의 구성에 지치는 중.
3.0,코미디언 영화재미잇어요
4.0,물론 재밌게 봤다. 그러나 좋은 드라마는 아니다. 심지어 김은숙 작가의 스타일 또한 아니라고 생각한다. 그냥 하던대로 가볍게 군인과 의사의 로맨스만 그렸어도 충분히 재밌고 가볍게 유행하는 드라마가 될 수 있었는데 드라마 안에 너무 많은 것을 담으려고해서 드라마의 본질 자체를 망쳐버렸다.
2.5,정말 드라마틱하다. 센티넬인줄
2.5,갖고싶다 유시진
3.0,어딜가나 연애하는 드라마
3.5,굿굿
3.5,오글
3.0,"매번 회차가 끝나거나 예고편이 나올때마다 '아, 뭐야? 그럼 이제 쟤 죽고 드라마 끝나?!?!?!'라는 소리가 나올 정도로 맨날 과한 죽음의 위기를 넘기고 계신 대위님께 심심한 위로를 드립니다. 그리고 진짜 캐릭터 하나는 늘 그랬듯이 좋다."
0.5,유치하고 개연성 망... 송중기 얼굴만 열일하지말입니다
3.0,진짜 인생드라마!
3.0,재밋지만.. 매우 엄청 완전 오글거린다는..
5.0,나는 유치해서 좋더라
2.5,병원 구내식당에선 달콤커피와 스니커즈와 서브웨이를
3.0,말도 안되는 환상 속의 군인이지만 그 맛에 보는거 아니겠어요?
4.5,오글거리고 군대 갔다 온 남자들한태는 말도 안되는 이야기지만 머.. 어때 드라마인대 봄이면 달달한게 좋은거죠.
5.0,가끔 뻔한 클리세를 송송커플의 얼굴과 연기력으로 발라버리는 경향이 있다. PPL이 실망스러운것도 한 몫한다.
4.0,너무좋아요
2.0,"용두사미.
시작은 창대했으나, 끝은 PPL떡칠과 판타지더라"
4.0,PPL넘쳐나고 군국주의 요소나 가득 집어넣고 맹목적 애국을 퍼뜨리는 드라마에 좋은 점수는 못준다.
3.0,ppl에게 이용당했다.
2.5,국뽕
3.0,"톨킨에 도전할 만한 밀리터리 판타지와
알면서도 끊을 수 없는 당분의 혼합물."
5.0,"대한민국에 저런 군인이 없는것에 내 손목가지 건다
넌 뭐 걸래?"
3.5,달달하니 재밌지만 후반부 PPL도배가 별을 다 깍아먹음
0.5,김은숙작가 특유의 재치있는 대사가 좋음ㅋㅋㅋㅋㅋ
0.5,영상
1.5,재밌건안재밌건 떠나서 안보는사람한테 민폐안가게 도배그만좀;; 사이트마다 도배질이야
보고싶어요,"내용이 재밌는건 아닌데 내가 좋아하는 송중기가 내가 좋아하는 표정을 지으며, 가슴 설레는 밀을 하네?"
2.0,얼굴이 개연성
4.0,장르가 송중기
4.0,"의료계도 군대도 모르는 작가가 로맨스를 쓰면 이런 게 나온다. 말하기도 지칠 정도로 진부하고 지겹고 꼰대스러운 여성캐릭터 해석은 둘째 치더라도, 요즘 의료계에선 먼지 날리는 야외에서 환자 배를 가르나?"
4.5,"드라마는 판타지라고 내가 이미 말했었지 말입니다
근데ᆢ 난 송중기를 좋아하긴했지만,  아무리봐도 송중기가 지금의 이 현상을 만들 인물로 보이지는 않는데ᆢ"
5.0,"군인과 의사라는 캐릭터가 주는 메세지를 부각시키기 위해 온갖 비현실적인 상황은 다 갖다 쓴다.
재미를 위해 개연성 현실성은 갖다 버렸다"
2.5,아 21세기 인소 너무 존네요 ~
4.5,오글오글
0.5,"대사가 좋다. 
작가 특유의 맞아떨어지는 대사가 유쾌하다.
하지만 지나치게 국가를 강조하는 부분에선 
채널을 돌리고만 싶게 한다."
1.5,다음회가 궁금하긴함...
2.0,so nice
3.0,뭐때문에 이렇게열광하는지..?
2.0,아무리 이런류의 드라마라도 최소한의 고증과 최소한의 짜임새는 추구해야하는것이 앞으로 우리 드라마의 숙제
4.5,"유시진이 멋있는 이유는
강모연의 대사에서처럼 한순간도 사랑앞에 비겁하지 않기 때문."
5.0,사랑에 빠졌지 말입니다
3.0,저는 오글거리고 유치한 것을 좋아하나봅니다. 그것을 이제야 알았지말입니다..?
2.0,재밌긴한데 대사는 좀 그래.. 끝까지 붙잡고 있기 힘들다
0.5,"로코, 멜로, 재난, 첩보... 다음은 어디로? ㅋ
재미지게 장르 뛰어다니심^^"
4.5,"매번 우연한 위기로 연명하니 이야기는 없다고 보면 되겠고, 이국적인 배경에서 펼쳐지는 송송커플의 비주얼은 보고만 있어도 흐뭇하더라만."
5.0,이제 김은숙 드라마에서 완성도는 제하고 순간들만 봐야하는가
0.5,그냥 sf라고 하자.
2.0,짱 너무 좋음
4.5,"지극히 김은숙스러운
역시 서브커플이 더 매력있고 개연성넘치는
하지만 송중기가 다했지말입니다"
2.0,?ㄴ
1.5,쓰레기 일본 애니메이션을 욕할 수 없는 이유가 여기에 있다
3.0,군사 드라마인지 의학 드라마인지 재난 드라마인지 알 수 없는 드라마. 뻔한 클리셰의 범벅. 모든 전개가 지극히 예상대로 흘러가 놀라움. 이거 볼 때마다 드라마 신 영접하는 듯.
3.5,꿀잼ㅎㅎ
0.5,사랑이 전부라며 포효하는 두 남자 때문에 오글거려서 더는 못보겠음..
4.0,오글오글... 그런데 보게되고 보고싶은 드라마
3.0,"스토리 상실 개연성 상실 손과 발 상실 연기도 상실
근데 인기는 최고야??
아빠가 빵빵 터지는 아재개그와 엄마가 자꾸 동생과 닮았다고 주장하는 배우들과 더불어 나에게는 3대 미스테리로 남을 드라마"
보고싶어요,이게 뭐라고 챙겨보게 되는걸까...
5.0,"드라마니까~
라는 넓은마음을 가지고 보면 꿀잼-♥
군인퐌타지를 잘만들어주심!
유대위님 감사해요
서상사님 감사해요
알파팀 너무멋잇쩡♥♥
ㅋㅋㅋㅋㅋㅋㅋ"
2.0,정말 꿀잼이지 말입니다
2.0,오글거리지만 중독됨
5.0,"멜로-재난-멜로-재난
순의 극진행으로 의사와 군인이라는 서로 다른 방식으로 생명을 구하는 이들에 대해 생각하게 하며 한편으로 설레게 한다. 두 작가가 앞으로도 함께 작품을 만들면 좋겠다.
2016.04.02"
3.5,평점 매기는 것 조차도 아까운.
4.0,"송혜교의 어색한 연기, 엉터리 스토리가 송중기 얼굴로 만회되는 드라마"
4.0,스토리는 개떡같은데 영상미는 끝내주더라고요.
5.0,"이노무 드라마는 다 비현실적인데, 대통령이 제일 비현실적이고만!
이노무 드라마는 다 멋진데, 대통령이 제일 멋진데?"
4.0,별하나에 송송커플 별하나에 구원커플. 빼곤 도저히 못봐주겠는 국군홍보영상..
2.5,"왜 자꾸 매력발산 합니까?
이미 이 드라마에 반했는데"
1.0,유시진 대위를 벌하지 않는 대통령의 국민이고 싶다..
2.0,팬픽의 영상화.
1.0,드라마 안 좋아항
3.0,광고의 후예
보고싶어요,귀여니가 각본을 맡았나?
3.0,"송중기에 송혜교가 묻히는 예상밖의 결과..
유시진대위님 사랑하지말입니다
말이 안되는것도 많고 어이가 없는 옥에 티도 간혹 보이지만!! 스토리 재밌고 좋아요❤️"
5.0,그냥개꿀잼이지말입니다
4.0,점수 주기도 아까운 드라마. 이게 평점 4.1이라는건 드라마의 완성은 배우 외관이라는게 명백한듯
2.5,이드라마에서 극한의상황은 주인공들끼리 오글거리는 대사를치기위한 용도 그이상그이하도아니다.
5.0,너무좋다..전부터 군인에대한 환상이 있던 나는 진짜...너무조타..
2.0,길티 플레져
0.5,최소한의 고증은 할 정도의 성의룰 보여줘
2.0,갈수록.... 송중기 아니면 안봤을 드라마지만 송중기땜애 안볼 수 없는 드라마...ㅋㅋㅋㅋㅋㅋ
1.5,어색한 연기
4.0,오글거리고 뻔하디 뻔한 이야기
3.5,"""이 드라마는 이것도 말이 안 되고, 저것도 말이 안 되고.""
""괜찮아요, 그 모든 게 말이 안 되더라도 송중기 얼굴이 제대로 달려있는 한 모두들 열광적으로 볼 테니까."""
3.0,송송남매 (특히 송중기 능글능글대는거) 보는 맛이야 핵꿀맛이지만 그외엔 의외로 병맛코드랄까. 조국이 어쩌고 국민이 어쩌고. 뭔 경례는 그리 자주해. 오글거려 괴로운 순간이 매 회 반절정도.
2.0,보고싶지말입니다
3.0,인생드라마 중 하나인듯
3.5,작품성과 예술성을 포기하고 여성시청률을 갖겠다!
3.5,로코? 멜로? 판타지? 전쟁? 이 드라마 장르가 뭐야?
0.5,you are my everything~
5.0,"김은숙의 말장난보다
KBS의 기획의도가 더 빛나는, 그런 드라마였다."
2.0,역시 드라마는 판티지 msg 가 제격
4.5,김은숙은 어떤 상황에서도 오글거리는 멜로를 진짜 잘만드는듯 ㅋㅋㅋ
5.0,전형적인 김치 shit
2.0,난 너무 재밌는데? 사실 요즘 드라마 시청률 20프로대 넘는 드라마가 몇달째 안나온 요즘 이 드라마는 낼모레 시청률 30프로는 찍는데 드라마의 재미는 시청률이 보답하는거라고 생각함. 여기 생각외로 악플이 꽤 많은데 그럼에도 불구하고 높은 시청률은 그만큼 재밌다는 증거임. 그리고 드라마는 드라마일뿐이라는 마인드로 봤으면.
4.5,"큰 의미를 부여하지않고, 고증따위 생각하지않고 가볍게 보면 꽤나 재밌는 드라마"
0.5,안사요 안봐요
0.5,내용도 없고 왜 굳이 그 먼데까지가서 연애만 하고 또 하필 군인이고 의사인지
2.0,멜로부분은 인정.   하지만 그 외에 스토리는 글쎄.. 그냥 김은숙작가는 멜로만 쓰는게 나을듯.. 휴먼?
4.5,작가가 귀여니인줄 알았다
3.0,"같은 별, 같은 나라에 사는사람이 맞는건지..."
3.5,"'태양의 후예'가 아니라 '유시진 나르샤'가 더 어울리는 이름이 아닌가 싶다. 
드라마를 다큐로 보고싶지 않지만, 그럼에도 몰입을 망칠만한 고증오류가 너무 많다."
4.5,хорошо!
4.0,"오글거림때문에 몰입이 방해됨 ㅡ.,ㅡ"
5.0,"보고 싶던데
무슨짓을 해도 생각나던데ᆞᆞᆞ
김은숙 작가님 글솜씨에 또 다시 감동"
5.0,"최고의 판타지, 그리스로마신화 같이 아름다운 이야기. 우리가 원하는 모든 극적이고 황홀한 순간들을 멋지고 예쁜사람들을 통해 느끼는 만족감ㅎ"
5.0,오글거려서 보다 포기함ㅋㅋ 나 원래 김은숙 짱팬인데 스토리가 너무 엉성하고 대사가 진짜 오글거려... 왜지?
0.5,태후는 사랑입니다 ♡ 군대의 분위기와 함께 로맨스이니 설램이 한끗 업됩니다
4.5,눈만 즐겁고 다 거슬림
5.0,언제부턴가 이 땅의 공중파 드라마는 장르가 두개뿐이다. 판타지와 멜로.
3.0,"김은숙식 로맨스라 설렘은 보장. 반면 군대 얘기는 문외한이 봐도 판타지.
근데 내가 셀레는 포인트는 두사람이 꽁냥꽁냥 대화할때입니다. 기습키스같은거 말고.
그런건 송중기 외모에 썸타는거 전제하에 가능한거."
5.0,군대엔 송중기나 진구같은 군인은 없어요
보고싶어요,비현실적이지만 캐릭터 귀엽고 영상 예쁘고 뭐 좋지 말입니다 판타지를 키워주는...
4.0,"재밌다 남녀 모두 눈이 호강한다.
그러나 군필자의 눈엔 드라마는 드라마.
(말이지 말입니다는 말도 안되는 말입니다.)"
보고싶어요,이거랑 배트맨 대 슈퍼맨이랑 어떤게 더 현실적이냐
3.0,오글오글
1.0,그저 바라만 보기엔 위험한 요소가 많다
0.5,"본격 미필밀덕 수퍼판타지 드라마
상상할 수 없는 오글거림이 있지만 계속 보기는 보게된다"
5.0,"저엉말 오글거린다 근데 계속 보게된다
군인과 의사 설정은 적절한듯
이 작가의 마지막회는 왜 저럴까?"
1.0,막장 드라마와 세속적 이해득실이 판치는 연속극 시장에서 남녀간의 아슬한 멜로를 들이대는 것 만으로도 합격점.
0.5,"밀덕이 아니더라도 답답한 이야기와 연출들, 그리고 배우 얼굴로 때우는 저차원 로맨스"
3.0,늘 수요일이면 좋겠다.
2.0,이 가벼움보다 두려운 건 이 가벼움의 인기.
3.0,새로운 발견 송중기 진구 한국영화의 놀라운 자산
4.0,"언제나 그랬듯이, 지극히 여성의 판타지에 충실한 영화.난 그냥 전쟁터를 남녀의 사랑의 무대로 만드는 매체들이 항상 불편하다.그걸 통해서 무언가 다른 메시지를 전해주는 의도가 아니라면..레마르크의 사랑할때와 죽을때같이."
2.0,"판타지니까
아무 생각안하고 봐야지말입니다"
0.5,얼굴만 열일한다
5.0,인기에 비례해 말도 많은 드라마. 드라마를 드라마로써 보자.
5.0,대사를 듣는것만으로도 고통...;;
보고싶어요,미군이랑 대치하는장면보고 소름이 돋아서 안보는것
3.5,공중파판 국방부 홍보 드라마
0.5,유치함 속 달달함과 긴장감
4.5,"송송 커플,구원 커플도 압권이고 ost도 압권!!"
3.5,이상하게 다 좋은데 송혜교만 별로..
4.0,"재미있고 오글거리는 걸 떠나서 이 드라마 때문에 보이지 않았던, 보지 않았던 군인들을 조금 더 신경 써주시면 좋겠습니다"
4.5,내가 여자였다면 송중기한테 안 반하겠나
2.0,정말 재밌어요
4.5,송혜교가 멋있다고첨느껴봄ㅠㅠ넘좋타
4.5,짱 재밌음 ^^
3.0,으웩
3.0,가끔 주인공들이 신격화될때 오글거리나 오랜만에 심쿵한 드라마. 가끔 인터넷 소설과 드라마를 오고가는게 함정. 재난에서 꽃피는 로맨스인듯 했는데 점점 군인 남친 만나면 이런일 생길 수 있어요~를 짬뽕한 느낌이 점점듦. 근데 송중기가 겁나 멋있고 연애를 심쿵하게 한다는 크나큰 장점이 있음
3.0,오랜만에 본방 꼬박꼬박 챙겨보는 드라마.
4.0,재미는 있는데 말투며 스토리며 오글거림의 연속
4.0,"☆☆☆☆☆☆☆☆☆☆☆☆☆☆☆☆☆☆☆☆☆☆☆☆ 
5점으로 부족하지 말입니다."
1.0,송중기 키스신 꺅~
3.5,사랑의 격전지
3.5,이거 어떠케 봐요??돈내야돼요?
5.0,너무 갔다 너무 갔어...
5.0,"ost,배우 얼굴빨만으로 가는 드라마
진짜 내가 어이가 없네"
4.5,하......
4.5,윤중위 너무 예쁘지 말입니다.
4.0,도저히.... 즐길수가 없다...
3.5,망해가는 나라의 독재자라면 누구나 다 좋아할 듯. 군필자가 보면 존재 자체가 빡친다.
5.0,간지러워서 죽겠는데 계속 보고있어...ㅋㅋㅋㅋ
2.5,"의사가운 입고 멜로, 경찰복 입고 멜로, 이번엔 군복입고...
이 정도면 한국 드라마는 
여성들의 제복 페티쉬 포르노
시그널로 가능성을 보자마자 그대로 퇴행"
3.5,"KBS식 편집/90-2000년대 드라마 느낌이
확들어서 4회이후 그만 보게 되었다...
거기다 요즘 여성분들이 군대 말투 요즘 따라 한다던데
저걸 당해본 사람이라면 다나까 쓰기 싫을텐데....."
1.0,오글거리지만 계속 보게 만드는 드라마!
보고싶어요,"김지원 별 + 송혜교 별 + 송중기 별 + 진구 별 - 스토리 별 - 디테일 별 그래서 별2
그냥 김지원 세젤예이다"
4.5,국방부나 좋아할 군국주의 파시스트 드라마.
4.0,2016년의 명작
5.0,삶과 사랑에 대해 더욱 순수한 고찰을 할 수 있게하는 드라마. 간질거리는 대사들과 생동감넘치는 캐릭터들로 하여금 자꾸만 TV앞으로 끌어들이게 하는 드라마. 시크릿가든 신사의품격을 이을 캐릭터와 드라마 속에서 헤어나오기 힘들 드라마라고 생각한다.
4.5,죽이지말입니다
4.5,배우들의 케미 빼곤 없는 드라마
5.0,평균깍기 위해 0.5 드립니다
2.5,비주얼이 다했지
3.5,"오글거리면서도 계속 보게되는 그 정도??
ost도 좋고 너무 달달하다
근데 12화에 끝냈어야 한다..."
3.5,"송중기, 진구도 민망해할 작품"
5.0,송송도 좋지만 구원커플 사랑입니다
3.5,"여자 판타지 드라마인데
내가 심쿵"
2.5,상속자들 군대편...? 오그라드는건 여전하고 개연성은 더 없다.
5.0,이정도면 월메이드지 말입니다!
3.5,설렝발렝함둥
3.0,국뽕을 극대화하니 멜로에 집중하게되는 신기한 드라마.
3.5,"김은숙작가 오글거리는 대사 어쩔수없지만
참 여자마음 잘 아는듯"
4.0,"내 스타일이 전혀 아니지만
그럼에도 불구하고 왠지 보게되는
마지막까지 볼지는 의문이다
+
결국중도포기"
5.0,송중기 얼굴만 남는 드라마
4.0,"현실따윈 잊어버리지 말입니다.
몰입도만 높히면 되었지말입니다.
2명의 송 배우가 양 날개가 되어
태양곁으로 날아가고 있으니..."
4.0,지금도 오글거릴 정도면 옛날 꽃보다 남자를 지금 보는 거 처럼 먼 나중엔 내가 이걸 어떻게 봤을까 싶겠지
5.0,송중기나 송혜교에 대한 불만은 없다.다만 진짜사나이처럼 군대를 이상하게 미화하고 왜곡하지 않았으면 한다.어짜피 여성시청자의 판타지를 자극하겠지만 군필자로서 도저히 볼수없을정도다..2회만에 더이상의 시청을 포기한다.
5.0,어이가 없네?
3.0,군대와 사랑은 미화되었지만 그 재미로 본다
5.0,그냥저냥 재밌어요
5.0,갓중기..
4.0,"대사들이 아주 마음에 듭니다
김지원 모르던 분들도 관심 많아지고
드라마 더 재미있어지기를 바랍니다."
4.5,"단결! 군제대 후 흔적을 감췄었던 송중기가 사전 드라마 제작을 마치고 돌아왔다. 김은숙 작가의 위트 넘치는 글 솜씨에 여자 주인공을 비롯한 출연진들과의 케미가 돋보이는 드라마. 착한남자, 성균관 스캔들을 섞어 놓은 듯한 매력있는 유시진 대위. 송중기가 안보이고 유시진 대위가 보이지 말입니다. 단결"
4.0,"태후=송중기
유시진대위님!!!!!!"
3.5,"오글거리는 건 질색하던 저인데
그 대단한 걸 요즘 제가 너무 잘 해내지 말입니다.
유대위님?"
5.0,어... 일단 전 진구오빠요!!!
4.5,ㅠㅠ 약간 비현실적인게 있지만 그래도 이건 재미있음
3.0,"1. 송혜교님 미모도 참 뛰어나신데 언제나 똑같은 짜증나는 캐릭터를 맡으시는 것 같다. 자기 혼자 너무 똑부러지고 정의감 넘쳐서 애꿎은 사람들한테 민폐끼치는데 본인은 누군가 해야 할 일을 했다고 생각하는 그런 느낌... 제발 차라리 청순가련 역할을 해주세요... 미모가 아까워...
2. 송중기 캐릭터는 뭔가 갈피가 안잡힌 것 같다. 공사구분 똑바로 하는 멋남 대위님이랑 하지만 내여자에겐 오글멘트도 잘 날리는 로맨틱가이 시진쨔응이랑 괴리감이 커서 캐릭터가 계속 변하는 느낌... 이 분도 역시 미모로 다하셨지만 보고 있기 힘겹다
3. 구원커플도 사실 사랑꾼 멘트로 치자면 밑도끝도 없지만 그냥 둘이 마주보고 있기만 해도 좋아서 뭐라고 오글거리든 신경이 안쓰이고 마냥 좋다.
4. 사실 과거회상에서 김지원이 천삽니다~(파닥파닥)하는 순간부터 그냥 뭘해도 다 그 장면만 떠오른다. 자동 엄마미소.
5. 장르물도 아니고 큰 줄거리가 소개되어 있지도 않아서 앞으로의 맥락을 전.혀 모른다는게 낯설다. 근래 보기 드문 구조인 것 같다 당장 다음화에 무슨 장면이 나올지 전혀 모르다니..
6. 개인적으로 인명구조 에피소드는 너무 쳐지니까 이만 좀 마무리해줬으면 싶은데 이 또한 알 수 없겠지.."
4.5,"송중기가 개연성ㅋㅋㅋ
영상미도 예쁘고 서브커플 이야기가 정말 매력있다"
5.0,송중기 빼곤 개콘
1.0,자연스럽게 연기하는 것에  빠졌다
5.0,오글거림과 설레임이 공존한다. 드라마를 보며 내가 드라마 주인공이라면 하면서 상상하지만 드라마와 거울을 같이보는순간 현실로 급 유턴...
보고싶어요,7회까지 좋았다.그런데 앞으로 나올 스토리가 있을까?의문.
3.0,로맨틱이 새록새록 긴장감이 훅~☆
3.5,"엄청나게 기대기대 설렘설렘하면서 보지만, 오그라들거나 답답한 여주인공 때문에 화딱지가ㅜㅜ 그래도 멋잇다"
5.0,얼굴이 너무 만족적
3.0,"평가: 이거 덕분에 수,목요일이 좋아졌다는정도..?"
5.0,"송송 구원 짤 만드는 것 빼곤 그닥...
송중기님은 아직 연기력으로 유아인님을 따라가긴 멀었다.
진구님은 참 좋아하는데 여기선 캐릭터 자체가 좀 힘을 못받는 느낌.
김은숙 작가님은 시크릿가든과 신사의품격 때가 가장 좋았던 것 같다.
그래도 중국에서 승승장구 하는 듯"
4.5,드라마 각본 연출 전부다 별로 캐릭터들이 짜증나고 유치하다  단지 송중기의 송중기에 의한 송중기를 위한 드라마... 유시진 대위가 다했지 말입니다.
2.0,"서브여주보다 못한 여주, 메인보다 더 끌리는 서브커플 미치게 오글거리는 대사를 참고보게 해주는 송중기 얼굴감상드라마"
3.5,보고싶어요
3.5,더도 말고 덜도 말고 서브커플 때문에 이 드라마 챙겨봄ㅋㅋ
2.5,하다하다 이제 군대 판타지
4.0,송중기랑 결혼하고싶다...
4.0,송중기는 곱다.
1.0,"예쁘고 잘생긴 배우들에 멋진 촬영지, 오글거리는 대사 
극의 분위기와 맞는 옷 좀 입어줬으면 좋겠다. 전혀 몰입이 안된다 ㅎ하하 
특히 송혜교, 연기 욕심 있는 분이라면 캐릭터 분석부터 먼저했으면 !"
3.0,단결!
2.5,오글거리지만 재밌네
보고싶어요,태양의 후예 갓이지 말입니다
4.0,심장이 뛰는구나
4.5,블록버스터와 로코가 적절히 섞인게 이 드라마의 가장 큰 매력인듯하다
0.5,내 삶의 엔돌핀이된 드라마입니다♡♡♡
3.5,"재미+감동이 있는 드라마@-@
거기에 주인공들의 케미가 아주 그냥,,짱이쥬"
4.0,매력적인 배우 산으로 가는 스토리...그러나 케미는 터진다.
5.0,"내 인생 드라마 ㅠㅠ
송중기 존잘... 송혜교부럽당"
1.5,드라마내용이 정말 참신하고 이때까지나온드라마보다 더 재밌고 설레이는것같다
3.0,"유시진이 좋은 건지 송중기가 좋은 건지 
아직 잘 모르겠지만 제복 보면 심장이 가빠오는 병에 걸렸다."
3.5,"여자라면 설레지 않을 수 없지 말입니다.
오버스러운 상황까지 리얼하게 다가오게 만드는 아주 매력적인 드라마."
2.0,"작가님 존경합니다
작가님 작품은 언제나 끌리내요 ^^"
3.5,아름다운 껍데기.
보고싶어요,설렘터지지말입니다.
보고싶어요,송중기 눈빛이 진짜 ㅠㅠ
4.5,"그냥왠지 끌리지않는 드라마..
배우들이나 영상미는 좋은 것 같다만
그래도 노래는 잘 들음?"
4.0,"""지나가는 중에 잠깐 부딪히나봅니다."""
보고싶어요,"역시 김은숙! 오래동안 기억하고 싶은 대사들..
남자가 된 송중기와 너무 예쁜 혜교~
거기에 그동안 왜 안 뜨는지 궁금했던 진구와 김지원의 매력이 드러나 너무 좋다"
4.0,모든 별점은 내가 사랑한 서브커플 서대영♡윤명주로 채웠습니다
4.0,설레라 설레라 이쯤에선 설레겠지? 계속해서 남발해대는 설렘주의보 강박증에 걸린듯한.. 대사는 쌍팔년도 수준이고 연출도 촌스럽고 배우들 연기마저 어색하게만드는 상황설정하며.. 송송커플 비쥬얼덕에 별한개줌
5.0,미친듯이보고있지말입니다
보고싶어요,잼나네요
4.0,요즘 내 존재의 이유
4.5,솔직히 오글거리는 대사인건 맞지만 얼굴과 목소리가 다했지 말입니다 도저히 안설렐 수 없는 비주얼이지 말입니다
보고싶어요,인생 드라마?
1.5,윤중위님 눈알연기 보는 맛에 본다.
5.0,인물좋고 대사좋고 연출좋고 배경좋고 색감좋고
2.0,솔직히 뻔하지만 재밌음ㅋㅋㅋ
4.0,오글오글.... 흥하는 이유를 모르겠음. 잘생긴 남주들?
5.0,"ㅋㅎ멘트가 아주 그냥...
군바리도 잘생긴 남자도 별루지만
여자들은 좋을듯 싶은 직구고백들... 쩝"
3.0,옛날 명작드라마 느낌에서 벗어날 수 없다
5.0,배우들하고 드라마가 너무 안어울려
2.0,"연출, 대본, 연기, 판타지 충족의 적절한 조화. 이 어려운걸 자꾸 해내지 말입니다."
5.0,중간 중간 연출이 억지스럽긴 하지만 얼굴이 다했다
2.5,"유치해 
상황이나 대사가 10년전 드라마보는줄"
3.0,여전히 김은숙작가의 시티홀때 그 필력이 그립다
3.5,이상과 현실의괴리......
3.0,"넘재미있게보구있어여
빨리보구시퍼여"
3.5,"진짜사나이 드라마버전 ( feat. 군미필의혹 연출가 )
.
김은숙작가의 필력 아니면 망했을 드라마
대사만으로 배우를 살린다. 작가내공 만렙"
4.0,군대 말투 넘나좋은것..송중기 진구 넘나 설레는것..송혜교 넘나 이쁜것.
보고싶어요,국뽕 이제 혐오스럽다 진짜...
3.5,아 너무 오글거려서 손이 안펴지는데 송중기라서 3.5점 송중기 없었으면 절대 안봤을듯...
3.0,김은숙 작가 특유의 오글거림이 있긴하지만 전개가 빨라서 좋고 주연들의 호연이 눈에 띈다.
5.0,"아....송중기 겁나 사랑하지 말입니다..... 송혜교랑 얼른이어졌으면 좋겠지말입니닼.....
오늘도 어김없이 존나심쿵...."
5.0,"허세가득
오글오글
둘 중 하난 죽게되면 뻔함까지 갖게 될지어다"
4.0,누가봐도 김은숙 드라마 유치한데 시청자 조련하는 법을 알고 있지 말입니다
4.0,너무재밌어요ㅠㅠㅠ 근데 가끔가다 너무 답답한 상황이 발생ㅋ 그리고 조연커플 분량좀 늘려줬으면...
5.0,"좋은배우로 수박겉핣기식 군인소재를 쓰고 있어서 상황들이 설득력있게 받아들여지지 않는다
송중기나 송혜교가 아닐시에 이게 재미잇나보면  실망적이고 재미없다"
3.0,스케일 크고 배우들 잘생겼는데 딱히 안땡기는 드라마
5.0,멋있지 말입니다~
5.0,사랑해요 태양의 후예 인생작
5.0,"유시진씨가 정말 너무 잘생겼지 말입니다...!
목소리가 아주 어메이징하지 말입니다!"
5.0,송중기의 능글맞은 멘트들이 여심을 저격하고 주연배우들의 미친 비주얼이 보는 내내 시청자를 행복하게 함. 그러나 군대에 대한 비현실적인 뻥이 많아서 조금 보기 거슬리기도..
3.5,아♡♡♡♡ 너뮤 사랑스럽숩니당
4.0,오글 오글
5.0,이드라마 완전 재밌지말입니다 .
3.5,진구가 조석같아 보이는 드라마
3.5,와...김일병❤️
5.0,"씬 하나하나 정성을 쏟은게 느껴지는 사전촬영의 완성도.
주연배우들 미모의 완성도. 만족스럽다."
4.0,"설정도 고증도 엉망이고 군뽕을 가득 머금었지만, 재밌는걸 어떡해"
5.0,ok
4.0,"영상을 못따라가는 스토리, 서브커플을 더 응원하게 된다, 전체적으로 조금 오글거린다."
5.0,설렘가득
5.0,30대나 되서 이런 말투 쓰는 게 말이 되냔 말이지. 송중기는 이 드라마 아니라도 어느 드라마에서든 멋있다 1화 꾹 참고 보다가 그만둠
4.0,영상미가 이쁘고 메인커플보다 서브커플의 애정한 사랑이 기대된다
4.5,"송송커플 너무좋지말입니다
구원커플도 너무좋지말입니다
매화마다 재미있었습니다
본방놓친적 없던 인생드라마이지 말입니다❤"
0.5,주연 로맨스보다 서브주연 로맨스가 매력적임. 김지원과 진구의 새로운 발견.
1.5,송중기짱멋짐ㅋ
5.0,진기 나오니까 ^▽^
3.0,유시진때문에 설레지말입니다. 이 드라마 때문에 일주일 내내 손꼽아 기다리지 말입니다.
5.0,"본방으로 안보고 스킵이 가능한 상황에서 보게되니
거르게되는 내용이 많아졌다"
4.5,손발이 오글거려서 전완근 운동에 좋음
1.5,빠지고 있음
0.5,"중반이후로 재미가 급감. 용두사미였으나 캐릭터에 대한 애정으로 끝까지는 봤다.
-
송중기의 유시진이라는 캐릭터. 매력적이다.
-
이래도 되나 싶을 정도로 현실성이 부족하고 PPL도 눈에 거슬리지만... 그럼에도 불구하고 여자를 설레게 하는 드라마."
4.5,할리퀸의 후예
5.0,So far so good
2.0,이거는 꼭 봐야 되지 말입니다
3.0,TV드라마 평화유지군과 국민 여배우의 사랑 이야기. 화려한 배경과 한 여자를 위해 바친 감당하지 못할 감봉 3개월과 소위 진급 보류. 남의 일 같지 않아 공감간다.
5.0,"전쟁은 쉽고 평화는 골치 아프죠. 독재자들은 그래서 오래 사나 봅니다.
역시 나는 의사보단 전사와 잘 통하는군요.
전사.
이 부분에서 나는 이 드라마의 희망을 봤다.
-
유시진이 목숨을 빚진 선배가 누군지 알 것 같습니다만.
아니 근데 송중기가 너무 예뻐서 송혜교가 덜 예뻐보임;"
4.5,ㅋ
4.5,아주예쁜 드라마에요~~^^
3.5,오글거리는 건 사실. 그러나 당신도 나처럼 송중기에 빠져들것이지 말입니다
3.5,외모에서 괴리감 최고 그런데 감정에선 몰입감 최고
4.5,"오글이고 뭐고 그냥 보는 내내 엄마미소 짓고있는 나
우쭈쭈 빅보스대위님"
0.5,이제 2회 작가가 보여주고자하는 뉘앙스는 인물들의 대사를 조금씩 느껴진다.
1.0,"ㅋㅋㅋㅋㅋㅋ 송중기팬들이좋아할듯.
그게다임"
4.5,"미쳤지 송혜교 송중기
그리고 서브커플도 다"
1.5,군대간 남자친구다 다 저렇진 않지 말입니다. 환상 아주 제대로 심어주지말입니다.
4.0,또다시 나를 설레게 한다ㅋㅋ
4.0,송중기 짱
2.0,"지키기 위해 누군가의 생명을 거두는 사람과 
생명이라는 가치에 온몸을 던져야 하는 사람의 교차, 인연. kbs 드라마의 심폐소생술이 성공할 수 있을지 기대가 된다."
2.5,"보는 이유는 딱 세가지.
배우 송중기 / 작가 김은숙 / OST
이거 정말 설레지 말입니다.♥
심지어 송송,구원커플은 보는 내내 응원하지 말입니다."
4.0,수목드라마 같은 수목드라마.
4.0,겁나 빠른 전개. 한 회 라도 놓치면 안 될 것 같은 느낌.
4.0,가끔 오글거리는 것만 빼면 재밌다.
1.0,오랜만에 드라마 보면서 심쿵했지말입니다 !!
3.5,다된 밥에 온유뿌리기
4.0,"인생에서 손에 꼽는 최고의 드라마
배우 연기 다 좋은데 스토리가 너무너무 재밌음
제일 많이 정주행한 드라마"
4.0,8/10점
4.0,송송커플이 깨지면서 이 작품의 빛이 조금 퇴색된거 같지만 작품은 굉장히 흥미로웠고 내가 듣기론 이 작품 후로 특전사나 대테러송커플이 깨지면서 이 작품의 빛이 조금 퇴색된거 같지만 작품은 굉장히 흥미로웠고 내가 듣기론 이 작품 후로 특전사나 대테러부대에 입대한 사람들이 증가했다는 얘기를..
2.5,빅보스통신이쁜이는뒤를돌아봅니다
4.5,"난 구원 커플이 더 좋더라
애틋해잉"
3.5,"진짜 서사딴딴하고 비주얼,연기,ost, 특유의 분위기 다 좋은데 송송커플의 실제 관계성에 너무 안타까워 -0.5합니다^^ 한국인이라면 다 봐야하지 않을까"
3.0,하이런 드라마는 어떻게 만드는거지?
3.5,말입니다 말투 때문에 끝까지 보기 어려웠지 말입니다
4.0,한국 드라마의 시초
5.0,"그때 그 시절은 몰랐지만.. 지금 다시보기엔 오글거리지 말입니다..
(진구 커플을 더 응원했지말입니다..)"
3.0,드라마의 맛
5.0,이때 대한민국 군인을 꿈꾸는 사람이 늘어났다는 것만으로 설명이 가능하지 않을까
4.0,보다 끔 진짜 재미가없음 ㅋㅋㅋ 송중기가 멋있지만 재미가없어
2.0,한살이라도 어릴 때 봐야
3.5,"good for new kdrama watchers
-코미디, 로멘스, 엑션, 감동"
5.0,“당신의 최선과 나의 시선.“
3.0,"재밌긴 해서 2점은 주는데 진짜 '재미'말고는... 진짜 '드라마'라서 가능한 스토리. 드라마니까 당연한 거 아니냐고 하겠지만, 드라마도 엄연한 개연성과 현실성이라는 게 가미가 되어있어야 시청자가 몰입을 할 수 있는거라고 생각
방영당시 송중기와 송혜교의 미모+재미 덕에 인기몰이할 수 있었던건 알겠는데, 솔직히 난 이거보다 더 좋은 드라마도 많다고 생각해서 재밌다는 이유만으로 별점을 높게 주기가 어려울 것 같다. 결국 끝까지 보지도 못했다"
3.5,열여섯살 때 봐서 다행인 드라마
4.5,태양의후예 사랑해
4.0,"유시진과 강모연, 무엇이 더 필요한가."
2.5,"진짜 재밌게 봤는뎅
유시진 대위,,,넘 설렜고
강모연 넘 멋지구~.~"
1.0,남자도 홀리는 여성향 드라마
3.5,재밌음 하지만 2번 이상 정주행은 안 할듯
3.0,송중기가 이렇게 잘생긴 사람인거 이제 알았다..
2.0,쓰레기
3.5,이 드라마 시작하고 남자들 전원 갑자기 인터넷에서 내무반 말투 싸갈겼던 거 생각하면 화가 안 참아짐.
3.5,군대 장교 지원율을 잠시나마 올렸던 작품. 앞으로 한동안 오를일은 없을듯하다.
4.0,과대평가된 드라마
5.0,불사조 유시진
2.0,군대에서 봤던 군대드라마라는게 지금 생각하면 웃긴다. 그냥저냥 시간떼우기용으로 나쁘지 않았던 기억이 나는데 사실 배우빨이 전부인듯
1.5,너무 오글거려
1.0,유 얼~ 마이 데스티니~
3.5,"""특전사에 가서 본 특전사 드라마"""
0.5,서브충이었음
3.0,"현실성 뭐 판타지, 오글거림 다 떠나서
그 당시에 재밌는 대사들로 전하고자 하는 메시지가 잘 전달되었다고 생각함."
4.0,외국 친구가 좋아하는 드라마 하나 더. 좋아하는 이유가 선명해서 내가 싫어하는 이유는 말 못하겠다.
2.5,초등학생이었던 나의 니즈를 충족한 작품
4.0,빼어난 기획. 기가 막힌 대사. 개나 줘버린 고증과 결말.
3.5,"내 작전은 늘 도망이었다.
누구보다 용감한 네가 누구보다 못난 나를
참 많이도 사랑해줘서 고맙고 미안했다.
만약, 네가 이 유서를 읽고 있다면
못난 나는 이렇게 너에게 끝까지 아픔이다.
용서하지 마라.
그리고 네가 널 생각했던 시간만큼 행복하길 바란다.
뜨겁게 사랑한다 윤명주.
살아도 죽어도 그건 변하지 않을 거다."
4.0,마지막에 군인의 임관선서와 의사의 히포크라테스 선서 교차로 보여주는데 넘 찡했으ㅡㅁ ㅜㅠ
3.0,그냥저냥 볼만해요
3.0,"별로라고 생각했었는데 알고보니 나 송혜교 좋아하네. 오글만 참아주면 김은숙 작가의 말장난 넘나 재밌음. 뜬금 설정이 별 반 개를 까먹었으나, 그래도 해피엔딩은 언제나 좋구나."
4.5,"참 오그라들지 말입니다. 그래도, 덕분에 울고 웃을 수 있었지 말입니다."
3.5,나 이거 진짜 몇번이나 시도했는데 케벡수 감성 때문에 못 보겠다.. 김은숙도 이응복도 케벡수 감성에 압도되네 그냥
5.0,"몸살감기 씨게 왔을 때 셀프처방한 진통제
송송케미를 기대하며 클릭했고 그 기대를 훌륭하게 충족했으니 그것으로 되었다
물론 스토리나 개연성 깊이따윈 없음ㅋㅋㅋㅋㅋ존예존잘 캐릭터로 때우고 도파민 채우기에 급급한 단발성 스토리가 기막히게 잘 먹히니까 자꾸 이런 드라마가 나오는 것 같다"
3.5,"분명 그땐 잼었고 군대말투 따라했는데...
왜 예비군되니깐 화가나지?"
3.5,나폴리에 다시 가면 드라마가 생각날 것 같다.
1.5,"너무 걱정하는 남자가 많은 거 아닙니까?
헤프게 굴지 말고 강선생은 이 시간 이후 내 걱정만 합니다"
5.0,뻔하디 뻔한데 대사도 앙상블도 닭살 최대치.
4.0,열 번을 봐도 안 질림…
1.5,"김은숙 작가 작품중에 제일 재밌게봤고 연출,배우진,연기 다 좋아서 몇번씩이나 봄 내 인생작~"
4.0,개연성은 개나 줘버림
4.0,빅보스는 멋있지만 군필들은 리얼리티가 아쉽다
1.5,이거 볼라고 세상이 미쳐있었음
2.5,송혜교는 이쁘다
1.5,얘기해요. 난 당신이 하는 모든 말들이 중요해.
4.5,난 왜 이게 너무 재밌지
2.0,"엄마가 참 좋아했었는데

둘이 서로 행복하게 잘 살지 ㅠㅠ"
3.5,ost가 좋음
3.0,잘생기고 예쁘지도 않았다면.
3.0,뭐 불량식품이라도 먹고플때있으니까
4.0,솔직히 재밌었어
4.0,로맨스라는 무기와 캐스팅이 합쳐졌을 때.
2.0,"군대에서 부대원들이랑 깔깔거리면서 본 드라마
드라마 자체만 보면 그닥이지만 나한테는 좋은 추억인 녀석"
2.0,김지원 없었으면 끝까지 봤을까
3.5,"군대에서 보면 재밌음

거기선 뭘 봐도 재밌다고 하지 마라"
3.0,"대한민국 3대 대위 유시진 대위, 이근 대위, 그리고 바로 티모대위 두둥딱."
보고싶어요,솔직히 너무 오글거린다.
4.0,용두사미와 유치함의 끝판왕
3.5,케이윌의 노래만 남았다.
4.5,이런 유치한 드라마에 거대한 자본이 들어간 게 웃기다.. 근데 또 재미있어서 더 웃기다
0.5,환빠들의 역사 의식과 일맥 상통하는 제국주의의 일익을 담당하지 못했던 한국 역사에 대한 열등감 대폭발의 대막장극
5.0,송혜교 김지원 짱~~^3^
4.0,"가볍게 보기 좋음
메인 커플보다 윤명주-서상사 러브라인이 더 재밌음
어차피 시즌 2는 못나오니까 서브커플로 드라마 하나 나오면 좋겠다!

#202308"
3.5,그 시절 우리는 다른 의미로 대단했다
2.0,"말해, 뭐 해? 어쨌든 간에 2016년 최고 화제작이었던 건 변함 없다...."
5.0,유시진
4.5,가볍게 보기 좋음
5.0,"학생때는 진짜 재밌게 봤는데
전역하고 보면 그저 콧방귀 나오는 드라마"
3.0,"인기와 작품성이 항상 정비례하지는 않다는 걸 깨닫게 해준 작품.
멘트가 너무 오글거려서 참고 보는 데 힘들었음 ㅠ
작품 개연성도 끝에 가서는 개나 줘버리는 모습을 볼 수 있다 허허...
인기빨 다 떨어진 지금 시점에서 보고싶은 분들은 그냥 유튜브에 하이라이트 한 두시간 짜리 편집본으로 시청하는 게 시간상, 그리고 정신 건강상으로도 이득일 듯 하다..^^

+) 너무 욕만하다 가는 것 같아서 장점 몇 가지 좀 적고 가자면,
중동 분쟁 지역 배경 하나는 정말 이국적이고 매력적이었음.
태후하면 가장 먼저 떠오르는 이미지도 모랫빛 배경과 군복이니 말 다했지 뭐...ㅎ

그리고 군인과 의사에 대한 직업 철학을 간접적으로 체험할 수 있다는 점이 참 좋았다.
직업에 대한 인물들의 대사가 어떨 땐 비현실적이고 이상적인 소리같다고 생각하면서도, 끄고나면 현실을 한 번씩 더 재고하게 되는... 바로 이런 게 드라마의 참맛이 아닐까 생각한다."
2.0,명예로운 사랑이란
3.5,로망들을 다 집어넣은 느낌
2.0,곱씹으며 되뇌이는 인상적인 요소들
4.0,"헛웃음인지 진짜 웃음인지 모를 것이
계속해서 뿜어져 나왔다

고증이 눈에 밟히지만
동경과 판타지는 원래 이런맛이 아니겠는가?
애초에 군필남성이 타겟도 아니니...

배경을 좀 바꿨으면 낫지 않았을까 싶지만
그랬다면 이만한 흥행을 이뤘을까 싶다

작품성과 흥행이 꼭 정비례하진 않으니까

그래도 고증에 좀 선이 필요하긴 하다
고증때문에 0.5점 감점"
3.0,나 유시진 좋아하냐
3.5,오글오글
2.0,30년 후 기억될 송송커플의 멜로
0.5,23.04.29 ~ 23.05.05 2회차
3.5,"작가계의 개거품 김은숙과 배우계의 개거품 송중기의 만남
거품콜라보레이션"
5.0,"멋지고 사랑스러운 캐릭터들,
남녀노소 모두가 좋아할만한 스토리 전개,
김은숙이 제시하는 미니시리즈 흥행의 왕도"
1.5,"이드라마보면서나온도파민수치만따져서별점을매기자면별5개
그치만현실과타협해서별4개"
2.0,스포일러가 있어요!! 보기
2.5,무난한 픽션.
5.0,박환희
2.0,진짜 재밌게 봤었음 현실성은 없어도 재밌음
3.5,음... 왜 재미있게 봤더라? 얼굴빨...
3.0,미필 밀덕이고 어떻고 공중파 드라마는 재밌으면 그만이라고 ㅋㅋ 디피가 공중파에서 나오겠냐고
3.5,"대위 데리고 오라고 헬기 보낸 사람이 누군지 궁금함
어떤 미친 놈이"
3.5,살릴수 있어요 그럼 살려요
4.0,사과할까요 고백할까요
3.5,재밌었다 그때는
5.0,한국의 캡틴 아메리카.. 히어로는 안 죽거든
4.0,OST 맛집
1.5,유치짬뽕
4.0,"미필씹덕 뇌내망상이니 뭐니, 뜬금없는 지하주차장 총격씬 이런거? 현실감 해치긴하지만 그냥 대한민국mk2라고 생각하고 작품으로 보면 존나 몰입되고 재밌었다고생각한다;;
그냥 김은숙이 역시나 제대로 이름값 해준 작품이라 생각;;"
3.5,제가  그 어려운 걸 자꾸 해냅니다
3.0,4.1
1.5,현실성을 논하기엔 대사와 구도를 참 잘 만들어놓은 드라마
4.5,요즘 드라마들이 워낙에 결말이 망해서 그런지 비교되게 재밌고 대사가 맛있다
0.5,송중기는 옳다!!!
5.0,딱 ost만 좋았다
3.0,나도 군인 해볼까..
3.0,드라마의 존재이유
3.5,김지원 이쁘네
3.0,가끔 아무생각없이 오글거리고 싶을 때 있잖아여 나만 그럼? 그럴 때 보면 딱임. 아이스크림 먹으며 꺅꺅거리고 보다가 퉁퉁 부은 얼굴로 일어나 까먹어버리는 그런 류의 드라마.
3.5,ost만 들으면 아련해짐
3.5,"당시에 못보겠어서 안봤었는데
그 때 볼걸 ㅠㅠ
드라마는 드라마지만 현실상황이 몰입을
깨기도 하므로..
그 당시 왜 시청률이 40까지 나왔는지 납득완료
유치하고 개연성없고 고증 제대로 된 게 없어도
그냥 송중기 얼굴하나로 이 드라마는 다 납득됨
서대영과 윤명주 사랑도 너무 좋았고
+ost 마저 완벽
이걸보고 케이윌콘을 갔었어야 하는건데ㅠㅠ

~22.11.06"
1.5,“나 때문에 불행해질 거면.. 그냥 혼자 행복해져. 진심이야”
3.5,그 당시 오글거렸던 감성이 그대로 전해진다. 그때는 되게 재밌게 봤는데 지금도 뭐 나쁘지는 않다
2.0,흠…한번은 보고 다시 못볼 거 같네요^^
0.5,"7화 다시 보는데 진짜 눈물 광광이야
‘의사 양반 오늘 수고 많았네’"
2.0,굳이 의사와 군인이 아니여도 될듯한 뻔한 전개
3.5,"친구들이 다 이것만 봤다
진짜 재밌게본 드라마중 하나"
4.5,서상사를 사랑한 윤중위.
1.5,거창한 제목에 오글거림이 가득해도 괜찮네
4.0,각 직업군에 대한 존경심보다 환상만 가득
4.0,"이 드라마는 방영할 때도 빡쳤는데, 아직도 가끔씩 유튜브에 클립 뜰때마다 짜증나 죽겠음"
1.5,"군인 역할에 송중기는 역시 안 어울렸다.
왜 김은숙 작가가 조인성에게 러브콜 했는지 너무 이해되고 조인성이 왜 거절했는지도 이해는 된다… 그래도 했으면 레전드 찍었을텐데…

김은숙 드라마 중에서도 손꼽히게 오글거리지만 그래도 난 그녀의 위트를 좋아한다.."
3.5,"1. 오랜만에 본 김작 드라마. 왜냐면 송중기-송혜교니까! 근데 정말 끝까지 송중기-송혜교다. 이렇게 쓰고 이민 안가겠다고요? 얼른 가시지 말입니다.
2. 풍경성애자의 함정이 조금 있기는 했지만 그만큼 그림은 예뻤고, 캐릭터들도 좋았고, 둘의 설정이나 서사도 좋았는데 왜 멜로를 못쓰고 개그로 전략시킨걸까. 멜로, 로코가 아니라 코믹드라마 작가세요? 코믹드라마 쓰려면 개그맨들 데려다 쓰지 그러세요. 내가 배우한테 낚여서 보지라도 않게. 그래서 왜 1년만에 사막에서 핸드폰이 터졌는지 아시는 분? 온 몸이 상하도록 고문 당하는 동안 왜 핸드폰 안망가졌는지 아시는 분? 처음부터 세세하게 따지면서 보면 끝도 없는 드라마였지만 이건 너무하시네. 날 바보로 만들어도 정도가 있지!!!!
3. 그래도 완벽한 시강. 몇몇 캐붕씬들은 마음 속에 묻겠습니다. 그거 유시진 아니야. 그거 강모연 아니야.
4. 아기새 울 때 나도 울었지 말입니다.
5. 제삿밥 먹을 때 웃기기는 했지만 내 감동 어떡할꺼야!!!! 죽은 줄 알았던 애인이 살아돌아와서 마냥 좋은거야? 시강 다음 생에는 절절한 멜로해주세요🙏"
4.5,그래.. 배우들이 연기를 잘 했어.. 그래그래 그걸로 됐어
3.0,"내가 송혜교였음 대사 칠때마다 웃겨서 혼났을듯.
모든 대사가 유치함"
2.5,서브가 매인을 집어삼킸다
3.5,한때 미쳐있던 드라마 여기 서브를 너무 좋아해서 잡지화보까지 사서 봤다 ㅋㅋㅋ
3.5,판타지의 끝을 달린다.
4.0,"오글거리지만 주기적으로 보게 되는 드라마
군대라는 배경은 정말 배경에 불과했다"
4.5,"작가 두 분이 전하고자 하는 작품의 주제의식이 유시진이라는 캐릭터를 통해 잘 드러났고, 일 열심히 하고 사랑에 맹목적이지 않았던 강모연은 그래서 멋졌다. 그만큼 정신적으로 성숙한 남녀 주인공들이기에 어른답게 신중하지만 달달할 땐 또 달달한 연애 모먼트가 특히 더 좋은 느낌으로 다가온 듯하다.

하지만 무려 제작비 100억대 대작인데 군대와 의료 관련 고증을 꼭 그렇게 개판으로 했어야 했는지ㅠㅠ... (전문가 자문 받을 돈이 없는 것도 아니고, 그래서 안 받은 것도 아니고! 게다가 사전제작 드라마라 시간도 모자라지 않았을 텐데 대체 왜 그랬냐고ㅠㅠ) 드라마적 허용으로 넘기려 해도 고증 부분에선 아쉬움이 많이 남는듯.

그럼에도 다 아는 클리셰 묘하게 잘 비틀어서 대중 입맛에 맞게 써내리는 작가는 우리나라에서 김은숙 작가가 원탑이고, 이를 증명이라도 하듯 태후의 로맨스 부분은 확실히 재미가 보장된다. 때문에 상업 드라마의 본분엔 나름대로 충실한 드라마라고 여겨짐. 특히 혜성 발전소 지진 붕괴 에피에서 유시진이 구조현장에 들어갔다가 갇히는 부분은 클리셰 처돌이들에겐 진짜 맛도리 되는 장면이었다고 자부함. 이 장면을 두고 여주가 갇히는 것보다 남주가 갇혀야 재밌는 거라고 김은숙 작가님이 인터뷰하셨던데, 정말이지 작가님은 진짜 클리셰의 참맛을 잘 아시는듯ㅋㅋㅋㅋ 인정할 건 인정하겠습니다ㅎㅎ

#누가봐도재밌을소재를재밌게풀어내는것도능력이다"
3.5,송송 말고 구원이 진리였던
3.5,"우리나라사람들은 생각보다 판타지를 훨씬 좋아하는구나...
괜찮았지만 장르는 아무래도 판타지인 것 같다."
3.0,군대이야기라고 개연성 핍진성 따질 시간에 재밌는 부분 하나라도 더 찾아서 보는게 이득. 남자 시청률 신경써서 대본나온것만 해도 만족
1.5,"치명적인 자극성, 치사량의 낭만"
4.5,유시진의 모든 대사들이 설렌다 ..^^
3.5,ㅋㅋㅋㅋㅋ다들 유치하다고는 하지만 상당히 재밌게 봤던 드라마.. 물론 송중기의 얼굴이^^
3.5,방영 당시 사관생도였다. 덕분에 소개팅이 참 많이 들어왔음... 근데 드라마는 도저히 못 보겠다라. 주변 동기중엔 맨 이것만 보는 애도 있었지만. 훈육관이 교육 시간에 여기서 나온 하극상은 하면 안되는 거라고 교육했던 거도 기억남. 추억이네.
2.5,"대중성과 인기로 중무장한 드라마.
OST만큼은 지금 다시 들어도 압권이다."
4.5,로맨스물의 새 시대를 연 작품
1.0,꽤 재밌었다
1.0,국기에 대한 경례 하는 순간 끔
1.0,참.. 재밌게 봤는데 이젠 못 봅니다
5.0,"이게 재밌었던 이유가
군대에서 봐서 그렇다
태후 따라하면서 놀리는재미로
--
평일드라만데 암묵적 연등으로 몰래 다 봤고 당직도 안올라왔다 (지통실에서 이거보고있다)

근데 전역하고 마지막 1,2화 했는데
별로 안보고싶었음ㅋ 군대에서만 재밌었던걸로"
5.0,"""내 최애 스타일 드라마를 이제야 보다니…"""
1.0,"이 드라마만의 시원하면서도 달콤한 분위기가 좋다
물론 현실성은 매우 없어 군필들에게 미친듯이 까이지만 보면 군인들이 막장 드라마 욕하는 재미로 여자들보다 더 챙겨본 드라마 같은데? ㅋㅋㅋㅋ
중간중간 군인 설정에서만 나올 수 있는 마음을 울리는 명대사들도 있고 로맨스 대사들도 그렇게까지 오글거리진 않음. 그리고 유시진 캐릭터가 너무 멋있잖아..
난 재밌게 봤다! 물론 사귀고 나니 재미가 확 떨어진다. 로맨스 텐션은 한 6회까지가 꿀잼.. 보트 타고 섬 가는 장면 + 케이윌 말해 뭐해 OST 나오는 거 = 끝남"
4.0,송혜교의 갑분 진지 연기와 송중기의 자연스러운 끼부림이 합이 안맞음
3.5,태양의 후예 연등의 맛.. 진급누락 유시진의 좌충우돌 생존기
4.0,"볼땐 진~~짜 잼나게 봤는데 재탕은 못해
클립으로도 재탕 안하는 드라마인데
왠지모를 오글거림이 자꾸 올라옴 ㅋㅋㅋㅋ
이상하다 볼땐 진짜 잼나게 봤는데"
3.5,김지원을 사랑했습니다.
2.5,초중반까진 정말 재밌었어
3.0,개별로~
3.5,예쁜 동화 속 사랑 이야기
4.0,"쿠팡플레이에서 포스터가 둘이 키스하는 장면인데,
헤어진 분들이라 왜 내가 다 민망하지ㅋ

주연에 서브까지 너무 보기 좋은 커플들…"
5.0,군알못이 봐도 군대에서 저런식의 말이나 행동이 가능해? 싶음. 뭐 드라마니까 백번 양보해서 군대관련 고증은 그냥 넘어간다쳐도 걍 재미가없음. 특히 대사가 너무 유치함 군복입은 중학생들이 페북감성으로 연애하는 느낌. 그냥 작가가 군복판타지를 그리고 싶었던듯
1.0,"드라마는 거의 다 판타지긴 하지만..
이 드라마는 너무도 현실감 없다.
그래서인지 몰입도 안되고 지루하게만 느껴짐..ㅎ"
5.0,결말이 다 부쉈어
2.0,"2016년 회상하기 딱 좋은 드라마
OST를 먼저 꿰고 시작한 드라마
드라마는 드라마 그 자체다. 비현실적이라 더 좋아!
색감이나 배우들 보면 어제 찍은 거 같은데 5년이라는 세월이 흘렀네~
+ 시대를 잘 탔군"
1.5,군대는 가봤을까
5.0,전쟁통 속에서도 꽃은 핀다더니..... 딱 이 드라마를 관통하는 문장인거가틈... 오글거리는데 설레는 그런걸 참 잘만드는듯...
0.5,개인적으로 둘의 신념이 부딪히는 장면이 재밌었음. 극중에서 사귀기 이전에 나오는 티키타카가 진짜 재밌었는데 서로 마음 확인한 이후부터는 그런 씬이 없고 러브러브만 나와서 좀 아쉬운 감이 있달까.
4.0,주인공의 케미가 그닥이며 군바리의 세세한 디테일도 별로
3.5,진구님 멋져요
4.0,"계속봐도 안 질리는 드라마
대사가 재밌다"
4.0,"군인, 군대에 대한 과대망상. 근데 뭐 나쁘진 않아."
5.0,볼 때 당시에는 그럭저럭이었는데 시간 지나면서 별로 다시 안 보고 싶어짐
1.5,'재미'는 있었다
0.5,"내 취향에는 안 맞았던 작품.

그것과는 별개로 군대 고증과 관련해서 욕을 많이 먹었다는 걸 들었다. 많은 사람들이 김은숙 작가 단독 집필이라고 알고 있지만 사실 <여왕의 교실> 등을 쓴 김원석 작가와 공동 집필한 작품이다. 참고로 김원석 작가는 예비역 병장이다.

애초에 <태양의 후예>는 김원석 작가의 소설을 원작으로 만들어진 드라마다. '대한민국 스토리 공모대전' 수상작 <국경 없는 의사회>를 영상화하는 과정에서 의사였던 유시진은 군인이 됐지만, 군인이나 메디컬 관련은 상당 부분 원안에서 가져왔다고 한다.

김원석 작가는 ""돈 버는 씬은 김은숙 작가가, 돈 쓰는 씬은 제가 썼다.""고 말한 바 있다. 분명 나이와 진급 등 인물 설정과 관련해서 몇 가지 실수도 있었다고 인정했다. 군 감수, 의학 감수도 받았지만 감수 당시 재미를 위해 디테일한 부분은 넘어가달라고 했다고 밝혔다.

총 다섯 명의 작가진이 함께 토의를 거쳐 만들어진 작품인데 김은숙 작가가 혼자서 총대 메고 욕을 다 먹은 느낌."
5.0,도대체 제가 지금 이걸 몇 번째 돌려보고 있는거죠
1.0,새롭고 신선했고 설렜지 말입니다.
1.0,배우들 호흡이 좋아요.
4.0,어이는 없는데 그래도 재미는 있는 작품
3.0,"보는 내내 오글거리긴 했지만, O.S.T 가 좋아서 한번 더 보고싶다."
3.0,"군대는 자꾸 미화되고 의사의 품격은 더욱 높아진다.
뉴스나 보자"
5.0,나 송중기 좋아하네
0.5,"이때, 말 그대로 유시진 대위에게 미쳐있었더랬지..
주변에서 쯧쯧 혀 찰 정도로ㅋㅋㅋ

다시 봐도 저 남자(캐릭터),
정말 내 스타일이다..
ㅋㅋㅋㅋㅋㅋㅋㅋㅋㅋ
아직도 미쳤네 나."
2.5,"볼 때는 재밌게 봤으나
뭔가 두번은 오글거려서 못보겠음

개인적으로는 진구랑 김지원이 참 좋았다"
4.0,너무... 판타지
3.0,결혼할만하다
5.0,밀리터리의 캔버스에 로맨스의 붓으로 그려낸 불쾌한 골짜기.
1.0,이게 왜그렇게까지 흥행한지 이해가 안간다..배우진들이 화려해서 그런가..? 김은숙 드라마 특유의 능글능글한 유머대사가 있는데 너무 오글거린다  흥행한 작품이여서 시도는 해봤지만 역시  안맞아..
3.0,행정반에서 워드프로세서 공부했을 때 우연히 봤다. 당직은 1소대장과 2부관이었다. 서로의 직업을 소개하는 장면이었는데 겁나게 오그라들었던 기억이 있다.
2.0,멋지다
3.5,"당시에 볼땐 별생각없었는데 재탕하니 군인의 신념, 의사의 윤리에 대해서도 잘 다룬 드라마라고 생각한다

어려운 소재를 가볍게, 설레게, 재난현장에서도 꽃피우는 사랑 처럼. 드라마니까 뭐 어때 요즘엔 정말 아무생각없이 >>ㅑ하면서 몰입할수있는 이런 드라마가 그립다

다시봐도 재밌당 다시봐도 왜 잘된건지 너무 잘알겠고 다시보니까 오히려 더 좋아진 드라마"
5.0,한국형 로맨스의 거장 김은숙
3.0,"갓작이긴 함
약간 꽃보다 남자같은 재질임
나중에 어떻게 봤지 싶은데 그때는 정말 미쳐있었음"
2.0,"아흥 그땐 진짜 미치도록 봤는데...
지금 생각해보면 진짜 어떻게 봤지? 왜 좋아했지?
고등학교 땐 다 즐겁나봥..."
3.0,#2회차 2021.04.27
4.5,그냥 깔끔한 드라마 남녀관계 꼬이지 않아서 좋았던 드라마
4.5,로맨스 소설같은..!
3.5,로망과 난잡의 사이
3.0,군대에서 봐서 더 몰입감이 있었지... 내가 송중기라고 생각하면서...
0.5,"그땐 정말 재밌었는데... 하고 오랜만에 틀었는데
여전히 재밌음
유대위님 사랑했습니다..."
0.5,"빈센조에 허덕이다 여기까지 왔네...
송중기+총=❤️"
1.5,다나까오글거림
3.5,끌릴 수밖에 없는 남자 유시진 대위...
0.5,군인판타지의 끝장판을 선보인 드라마
1.0,밀덕이 보기에 적절하지 않은 로맨스 드라마
1.0,"이 드라마 별점 5점이 아니라 100점이지 말입니다 진심 이 드라마 보면서 그때 추억들이 기억나지말입니다 이때 초6이었는데 그때는 태양의 후예라는 드라마 모르고 있었는데 수학여행 4월에 갈 때 버스 텔레비전에서 노래 뮤직비디오를 기사님이 틀어주셔서 노래 좋다라고 생각하고 있었는데 지금도 최고의 드라마 인생 최고의 ost이지  말입니다 숙소에서 태양의 후예본다고 거실에 모여서 보던 시절이 그립지말입니다 진심 지금은 나오지 못하는 그때만의 노래 감성이 있지 말입니다
아......  추억 생각나네 진짜 송중기 눈빛 대사 다 넘모 설레ㅔㅔㅔ"
2.0,국방부가 이 드라마에 제작지원 얼마를 했을까가 궁금
3.0,"학원 끝나자마자 챙겨봤었더랬지,,"
2.0,내 길티플레져..
0.5,졌다...졌어...~~!!!!
2.0,역시 괜히 김은숙이 아니다.. 욕을 먹든 멀 하든 일단 화제는 되고 재미는 있고..사람들이 욕하고 오그라든다 하면서도 다음편을 보게하는 재능이 아무한테나 있는게 아닌것 같다
5.0,태양의후예 하하 너무 재미있어서 눈물이 나왔던 드라마!!
3.5,유시진대위 이전에 강마루가 있었다.
3.0,진짜.....내 인생 최악의 드라마
3.5,진짜 역시 태후! 유다희의 초등학교 시절 시간을 가져갈만 했다!
4.5,송송커플만 본다면...
3.5,저때도 지금도 오글거려서 1분이상 못 봄
5.0,서울시내 건물옥상에서 대위가 헬기를 자가용처럼 탔다. 군 홍보는 기가막힘 + 현차 ppl
1.5,"제발 그렇게 안 했으면 좋겠단 장면이 50%...
그래도 능글맞은 유대위 서상사 케미에 꾹 참고 완주"
4.5,"이 드라마 평점이 4점..? 말도 안된다. 특유의 김은숙 작가 대사빨로 장면장면 설레고 재밌는건 인정. 근데 스토리가 텅텅이잖아..  얼마 전에 다시 보는데 대사 다 알고 보니 이렇게 지루할수가 없더라. 연출, 연기는 좋지만 여운 없는 드라마."
3.0,군인이랑 의사얘기 아니고 판타지급인데 유시진 매력이 이 모근 난관을 다 이김ㅋㅋㅋㅋㅋㅋ 개인적으로 송중기 인생캐가틍ㅁ
4.5,저질각본에 송혜교의 막영어로 대박 깨는 드리마.  송혜교는 돈도 많을텐데 비싼 영어 과외받아도 소용없나봄... 다른 배우들이 개아까움.
5.0,습관처럼 몰입하고 설렐 드라마는 필요한데 진심은 아니었던.. 그럭저럭 봤다
4.5,송중기••• 짜릿하다•••
4.0,지금까지 4번정도 완주 했는데 3번까지는 재밌었음. 결론 재밌음
4.0,"이건정말이지 개띵작임
의사가 될 나에게 엄청난 의지를
불어넣어줬다 잘생긴 남자를 만나야겠다는 ,, ㅋㅋㅋㅋㅋㅋㅋㅋㅋㅋㅋ"
4.0,"작가라면 최소한의 사전조사는 해야 작가의 도리 아니오??

메이크업 아티스트가 주인공인데 립스틱을 눈두덩이에 바르는걸 집중해서 볼수있는 사람이 몇이나될까"
0.5,볼 땐 재밌었던거같은데 왜 이거를 본 게 후회가 되지? ㅋㅋ
2.5,미안 나 오글거리는거 잘 못 봐
3.0,우씨 왜 자세한 기억은 안나지?
4.5,"군더더기라고는 찾아볼 수 없는 스토리와 대사. 하나같이 개성있는 캐릭터들.  작가의 능력이 돋보였다.
거기에 배우들의 뛰어난 연기가 더해지니 헤어나올 수 없는 매력.
6번을 봤는데도 계속 보고 싶어지는 중독성.
소장하고 싶다~"
1.0,"젊은여성들 판타지 충족할만한 요소가 가득
김은숙작가표!  송송커플 왜 헤어졌는지 알만함~"
5.0,"나중에 돌이켜보니 왜 재밌는지 모르겠는 드라마.
송중기X송혜교의 연기를 보고싶다면 괜찮겠다."
5.0,역시 멜로가 있는 액션이 재미나다. 송중기 송혜교 잘 어울리는 한쌍인데...
0.5,"20.10.10
태양의 후예를 다시 봤다.
송송커플 볼 때마다
응 이혼
이라 생각되니 몰입이 안된다.
아 근데 해피엔딩은 뭐던 다 좋다."
5.0,"좋네
근데 교수면  최소 나이가 35이상이었어야하는데  여주가 그럼 37-38정도혹은 그 이상이라는?
대한민국 특전사가 저렇게 버라이어티하게 하는지는 모르겠는데  그러려니하고 보자.
역시 ost도 좋다."
4.5,전형적으로 환상을 충족시켜주는 드라마 이드라마덕분에 군인사귀고싶어하는 여자들 늘었을듯
0.5,유시진 살아돌아오는거보고 그후로 노잼됨
2.5,"마지막화에서 이렇게 빡칠 수 있다니
이 드라마 이후로 김은숙 작가 드라마를 보지 않기로 마음 먹었다."
3.0,제발 그만
5.0,이해가 되는 오글거림.
4.5,언니 그 남자 만나지마요
5.0,CPR이 어줍잖은 고양이손 마냥 꾹꾹이에 키스신으로 쓰이는 쓰레기 드라마
4.5,이게 시청률 30%를 넘나들었다니 경악스럽다. 인간의 고뇌를 이렇게까지 유치하게 표현할 수 있다니!
0.5,너무 달아서 뱉게되는 작품
4.0,"이건 뭐 내용도 그저 그렇고, 고증은 개판이고, 핍진성은 옆집 개나 준 듯하다."
보고싶어요,건질건 서대영ㅡ이명주 서사
2.5,김은숙 드라마는 다른 건 몰라도 대사 티키타카는 쩌는 거 같음 근데 그거랑 별개로 재미없어서 대충 봄 이게 왜 그렇게 인기가 많았을까
4.0,너무 판타지만을 그린다
5.0,사랑을 온전히 담아내지도 못한 채 유치한 인류애를 외친다. 순간순간 엉망인 부분들이 눈에 밟힘.
4.0,마린메딕 너프좀
4.0,"이 작품을 포함해서 한국드라마의 90% 이상은 지극히 단순한 패턴의 반복이다
괜찮은 도입부, 작위적인 중반부, 정말 괜찮은 결말부
그 '정말 괜찮은' 결말부 때문에 주는 점수"
4.5,"김지원 보려고 본 드라마
김지원 연기 짜릿해,,,"
4.0,한국 드라마 특유의 오글거림을 도저히 견디지 못하고 전반부까지만 시청하였읍니다 ㅜㅡㅜ 그래도 잘생기고 예뻐서 3.5점 드릴게요
5.0,"혼자 보면서 소리지른 기억. 너무 설레자나... 재방 할때마다 보고 한 3번은 봤던 고삼 여고생의 기억,,"
5.0,송중기
4.5,"나는 왜 이 드라마를 이제서야 본건가 후회하게 한 드라마ㅠㅠㅠㅠㅠㅠㅠ어느 각도로 봐도 다 설레ㅠㅠㅠ의사로서도 군인으로서도 뭔가 중간중간에 어색한 부분은 있었지만, 솔직히 등장인물빨로 이미 90퍼센트는 먹고들어간 드라마ㅠㅠ"
4.0,스토리가 기억이나지 않을정도
보고싶어요,현대물처럼 포장된 판타지물
4.5,김은숙 작가 진화의 시작. 유치함을 살짝 덜어내니 전작들보다 훨씬 재미있다.
4.0,우르크.
5.0,"정말 보고 보고 또 봐도 언제나 재밌고 언제나 여운이 남는다 
#2020.02.28 (6)"
5.0,"서브커플 앓다 죽지말입니다...
진구님 외모 제 스타일 아니라고 눈 돌렸던거 반성하지말입니다.."
5.0,이 또한 판타지 드라마
4.0,"배우들 연기,스토리,ost 다 좋았는데 가끔 너무 오글거림"
5.0,보고 있으면 시간 도둑이다.
4.5,특전사의 전신인 켈로부대원들의 역사를 기억한다면 이딴 소꿉장난으로 각본쓰진 않았을 것이다
4.0,다들 어설퍼서 몰입이 안 된다..
5.0,ㅋㅋㅋㅋㅋㅋㅋㅋㅋㅋㅋㅋㅋㅋ
3.5,스포일러가 있어요!! 보기
4.5,드라마라 그런지 판타지다.
3.5,오글거리긴 하지만 군인 하려면 2번은 봐야지
3.0,"내 마음 저격 탕탕탕..
내가 좋아하는 거 다 들었있숴.."
4.5,***********************************
5.0,눈호감은 기본이지만 시나리오 대사 영상 뭐든것이 완벽하고 재마있다.
3.0,"2016
김은숙 드라마
또 다시 사전제작으로 이런 센세이션 일으키는 드라마가 가능할까"
4.0,"허점 송송, 태양의 후회."
4.0,전형적인 한국드라마. 가면갈수록 정말 못봐주겠다. 이드라마는 컨셉이 뭐냐? 뭘 말하고 싶은거지? 중구난방 그자체. 그냥 계속 우르크에만 있는게 백배 낫겠다.
3.5,"군대 관련 장면은 원작자와 함께 쓰고 국방부가 감수했다니 더 까는 것을 포기하고 은숙킴의 찰진 대사나 듣는 것으로.
결국 김은숙 드라마는 고학력 달변가 남주와 그 못지 않게 달변인 여주의 티키타카가 알파요 오메가인 것이다."
4.5,시작은 오글거렸지만 끝은 창대했다
3.0,"오글거리는 대사일 수 있지만 너무 취향저격이라 베개없으면 못보는 드라마.
가장 기억에 남는 대사는 “방법이 없진 않죠💋”"
3.5,"두말할것도 없었지 말입니다
최고였습니다!"
3.0,지원언니 사랑해요
4.0,여자들 이거보고 군대 생각하지 마라
1.0,서상사 윤중위 좋아용
2.5,보고싶다
4.5,"능청미가 있는 캐릭터에게 처음으로 빠진작품
마치 인소같았다"
4.0,재밌었지 말입니다..
3.5,또 봐야지
3.5,오글거리지만 그래도 괜찮다
4.0,갓은숙 !
1.0,"네 , 저는 김은숙 작가님 덕후 입니다."
4.0,그렇게 어려운 일을 또 해냅니다.
5.0,"송중기역을 진구가 했다면 어땠을까...?
하는아쉬움도 남는다"
4.5,개인적으로 도깨비보다 더 잘 만들었다고 생각한다.
3.5,"전개가 참신하고 훌륭했다. 소재가 참신하던 흔하던 전개가 훌륭하면 용서가 되는 법.
송중기의 달달한 목소리와 화술이 기억에 남는다.
송혜교나 진구, 김지원 같은 주연급 배우들이나 강신일, 지승현, 김민석 등 조단역 인물들도 캐릭터가 재미있었고 흥미로웠다.
이 드라마의 오점은 온유와 ppl인 것 같고,,
극 중 배경이 된 파병지가 너무 이뻤다ㅎ"
2.0,"전 능글맞은 송중기보다 고구마같은 진구가 좋아져버렸어요, 작가님."
4.0,ㄷㄹ
2.0,솔직히 송중기 진구 군복조합은 너무사기아닙니까
3.0,그럼에도 불구하고 멋진 드라마였다.
3.0,"유대위님!! 강선생!!
윤명주 대위님!! 서상사!!
이엏게 시간이 지나도 등장인물 이름이 다 기억나다니.. 너무 인상깊었던 드라마!"
5.0,"뻔한 스토리들의 드라마 속에
얼마나 감정이입을 잘 시키고 대리만족을 해주게 하는지가 관건이 아닐까
마치 내가 주인공이 되어 빠져버린듯한 드라마
드라마 외 결말도 훈훈"
4.5,좋아한다
3.5,내용이고 뭐고 송중기가 웃을 때 내 광대는 폭발했다
4.5,혜교언니 때문에 세 번 돌려봄 ㅠ
3.0,ㅠㅠㅠㅠ뻔하고오글거리고비현실적인데이렇게감명깊을수있나
3.5,"4.3
2016.02"
5.0,꼭 봐야함
4.0,볼 때는 사람 혼 쏙 빠져서 혼 나간 채로 보다가 후반부에 물음표 쫌 띄우기 시작하다가 나중에 드라마 생각해보면 너무 오글거려서 주먹 쥐는 그런..
4.5,왜 이걸 이제야 봤을까! 군뽕에 제대로 취해버렸다. 내가 좋아하는 액션+로맨스. 완벽했다! 매 화마다 무슨 일이 일어날지 몰라서 가슴졸이며 봤다. 유시진대위님 내 맘속에 영원히 저장-
3.5,송혜교가 이쁨
보고싶어요,유치한데 먹히는 류. 초반의 각자 직업의식 넘치던 성인들의 연애사는 좋았는데 갈수록 현실성이 급격히 떨어지고 또 특유의 오글거리는 대사로 메꿔나가려는 느낌. 그나마! 김지원 진구 커플의 서사가 마음에 들었다.
5.0,"김은숙 인생 최고 필모...
돌직구 남녀..."
4.0,약간의 오글거림은 진구와 김지원으로 인해 묻힌다.
2.0,구원커플이 더 좋았다.. 둘이 또 한 작품 했으면 좋겠다~
3.0,김은숙표 달달함의 끝
2.0,"보기전엔 반감들었는데 보고나니까 드라마답다는 생각
캐스팅이 아주 맘에 들었고 무난무난
입대하기 전엔 저런 멋진 군인이 되고 싶었는데
역시 현실과 상상은..."
2.5,방영 당시에 여성들이 왜 좋아했는지 알겠더라 ㅎㅎ 근데... 너무 판타지 소설느낌이야.
3.5,오~ 이렇게 평이 안 좋을 줄은 전혀 몰랐다. 나는 군대에 대해 1도 아는게 없어서 전혀 거슬림 없이 작가가 설레라고 의도한 부분에 어김없이 설레어하며 보았다. 추운 일리노이에서 태양의 후예 덕분에 덜 외로웠으니 나에겐 아주 고마운 드라마
2.0,캐릭터 하나는 정말 잘 만드네
2.0,외국인이 생각하는 전형적인 한국드라마같은 드라마
3.0,비주얼 좋고 재미는 있는데 너무 오글거리고 현실성이 너무 떨어진다
4.0,즐거웠습니다. (사이)잘가요.
4.0,개쓰레기
4.0,"송중기는 잘생겼고, 진구도 김지원도 멋있었지만... 송혜교 연기가 거슬렸다. 감정이 격해졌을때보다 오히려 일상연기가 ‘나 연기하고 있어요’의 느낌.
인기도 엄청 많았어서 기대하고 봤는데 내용도, 연기도 생각보다 못미쳤음. 원래 뒤늦게 몰아보면 엄청 빨리 보는데 스토리에 몰입감이 떨어져서 천천히 봤다"
3.5,슈퍼히어로 유시진... 건물이 무너지거나 몸에 총을 맞거나 심장이 멎어도 다시 살아난다 ㅠ.. 마지막에 사막에서 등장할 땐 진짜 보다가 빡쳐서 껐다.. 하지만 이러한 점들 빼곤 넘 재밌는 드라마^_^
4.0,어려운걸 항상 해내는 군인공무원의 하얀피부
1.0,솔직히..영상미빼곤 그냥 볼만한 정도.. 남.여 주인공 모두 딱히 매력 넘치는 케릭이 아니었음. 특히 송혜교역은 좀 비호감이었다. 진구랑 지원 커플이 더 매력있어보였다.
보고싶어요,너무 오글거리지 말입니다
3.0,결혼할만하다...
1.0,"뇌를 우동사리로, 신경을 도라지로 만들면 즐길 수 있지 말입니다!"
2.5,저렇게말재주가좋은남녀는서로빠질수밖에없을거다.작가님이대박!
3.5,"진짜 이것도 인생드라마 탑텐 안에 드는,, 행복해진다고ㅠㅜ 결국 결혼하시다니
대박이야"
0.5,.
4.5,"볼땐 재미있었지 하지만 우리 중기오빠가 떠났다
사무실애 붙어있던 사진을 제거한날 ㅠㅠ"
3.0,뻔했기에 가능한 흥행
2.0,군인에 대한 인식 개선에 기여한 점을 높이 삼.
3.5,송중기씨 얼굴만 남는 '만화'.
4.5,"윤명주 사랑했다 ,,, 서브병말기임 반박안받음"
4.0,재미있지..재미있지만 너무 사건 사고가 많이 터지고....그래봤자 로맨스물이다.
0.5,"오그리토구리
송혜교 존예
나는 김지원 진구커플이 더좋다
김민석의 발견"
0.5,후반에 망가지긴 했지만 10회까지는 다시봐도 재밌다.
4.0,이 드라마보면 그 날이 생각나.
0.5,태양의 후예ㆍE16ㆍ45ㆍ톡톡튀는 스토리
5.0,결혼햇네
3.5,"군대이야기에 김은숙표 로맨스가 합쳐진 다소 생경한 조합. 그럼에도 불구하고 성공하는 김은숙 작가의 능력.
다소 비현실적이고 황당하지만 티비앞에 시청자들을 끌어들이는 능력만큼은 최고다"
3.0,"군대에 대한 말도 안되는 환상 짓들이 보이지만
(작가의 성별을 알아버렸...)
송중기의 매력이 덮어버렸다 전역 후 첫 연기가 저정도라니"
4.5,현역일때 봤는데 오글거렸지만 재밌었다
3.5,"오글거리는 대사와 화려한 배경
판타지장르와 사전제작의 조건이 이해하게만듬"
5.0,"남들이 미칠듯이 빠져들었던 드라마인데 정작 나는 그저 그랫던.. 
원래 송중기를 좋아하지만, 나는 성균관스캔들에 나왔던 캐릭터가 가장 송중기와 잘 어울렸던 것 같다."
3.0,좋다
2.0,"ost 가 먹여 살렸다
멘트들이 오글거려 미칠것 같은데 또 그런 오글거림이 이 드라마의 매력이었던듯
진구 남자가봐도 너무 멋있고 김지원 매력 최고
하지만 꽃보다 남자나 시크릿가든처럼 몇년후에 보면 손발 시공이 뒤틀려서 사라질것 같다"
4.0,"개인적으론 윤중위쪽 커플이 훨 좋았다
송송은 너무 비현실적이라 공감이 1도 안갔.."
5.0,송중기를 보는 재미에 봤지만 약간 억지 감동 미화가 좀 있었던 거 같다
5.0,개인적으로 송닥하고 하간호사님 커플이 더 좋았음
5.0,군인일때 보니까 참...
5.0,12회까진 재밌었는데 그 이후로는 분량 체우기 급급한게 눈에 보였음. 매회가 류시진 죽었나? 아니야 살았다! 로 반복되는게 시청자 우롱수준. 류시진은 불사조인가.
4.5,사실 대사만 두고 보자면 4점은 기본이다
3.5,멋있으려고 작정한 드라마.
0.5,오글오글
3.5,송중기 멋있다
4.5,"유시진 대위 잘생겨따
송탈세 예뿌다"
3.0,소재가 주는 투박함에 김은숙의 로맨스 응급주사
4.5,즐겁게 잘 봤습니다. 송준기의 인생 드라마
3.0,뒷쉼부족 드라마. 뭔가 마무리가 아쉽다.
0.5,야전을 보여줬다면 더 많은 남성팬이 생겼을지도(물론 여성팬 장담은 못함...)
3.0,배우 얼굴이 스토리의 전부라니...
1.0,이거 볼수는 없나요!
5.0,중기오빠.. 행복하십쇼...
2.0,판타지도 적당히 해야지
0.5,"너무하잖아.
시청자가 바보야?"
5.0,우라크에서만. 거기서만 딱 좋았다. 한국으로 넘어온 시점부터는 도려내버리고싶다. 좋은 배우 좋은 연출 센스있는 대사 ... 그걸 다 망쳐버린 PPL. 자본주의의 폐해
4.0,다시 보는 누나가 이해가 안가
0.5,M
2.5,돌아오지 않을 사람을 눈 앞에서 사랑하는 일
2.0,봐도 그만 안봐도 그만
5.0,배우들의 비쥬얼 때문에 눈을 뗄 수가 없어서 다 보긴 했지만 이 정도의 폭발력을 내는 작품이 되다니...
3.5,"송중기
송중기×서상사
김지원
서상사×김일병"
5.0,다 좋은데 마지막이 쪼금?
2.0,파쇼 드라마
3.0,(비속어)
4.5,와
2.5,"다 됬고 이걸 보고 밴드 오브 브라더스, 더 퍼시픽, 제너레이션 킬이 얼마나 명작인지 다시 깨달았다. 대한민국 국방부는 이런 드라마에 투자할 돈이랑 X같은 똥별 새끼들 골프장 만들 돈은 남아돌면서 국군 장병들 월급, 좋은 식재료, 최전방 수호병들에게 지급할 신형 방탄복, 군복무중 부상당한 장병들 치료비, 6.25랑 월남전 참전용사들께 연금줄 돈은 없냐?"
4.0,2017-07-02
4.5,진짜 얼굴봐서 참고 보는 드라마
1.0,"내 손발 돌려내셈...
진구랑 송중기 만담 듀오가 의외의 꿀잼"
4.0,이런 군대 또 없습니다.
2.0,"송중기 멋지지 말입니다!!
송혜교 예쁘지 말입니다!! 했던 드라마"
2.0,ㅋㅋㅋㅋ아 재밌네
3.0,중간까지는 재미있게보다가 하차한작품~
3.5,결말 덕분에(?) 별 3개가 날라갔다
3.5,"꿀잼
주인공들의 케미가 죽임"
4.0,송송커플 구원커플 둘 다 좋아지만 구원커플 볼 때마다 가슴이 아프고 가슴이 미어와♡♡♡♡♡♡♡♡
3.0,"애국심이란, 명예란, 의업이란 을 고민하게 한 드라마"
3.5,세번
4.0,"티비에서 틀어주는 태후를 가끔 지나가다러도 보면
왜인진 모르겠지만
지나간 내 사랑이 생각난다.
가슴 미어지는 기분이 든다.
태후 방영 중일 때 연애를 하고 있었던 것도 아닌데
왜일까, 이 드라마는 참 묘하다."
4.5,사과할까요..? 고백할까요..?
3.0,"엔딩요정 이응복.... 헬기워킹 레펠하강 연출이 쩔었다
신우철x김은숙 조합을 이제 못본다는게 슬프지만 
이 새로운 조합도 기대된다. 액션만 잘찍으면돼"
5.0,가짜사나이보다 더 추함
0.5,멋있을지는 몰라도...리얼하지는 않다.
4.0,"아무리 오글거리고, 아무리 내용이 허술해도 12회까지는 내게 최고의 드라마."
2.5,윤명주라는 캐릭터
3.0,내 왓챠 취향분석 중 최강 길티플레져
3.5,줄거리는 내취향 ㄴ 근데 중간중간 개그때문에 봤음
2.5,군대도 안간 여작가가 쓴 쓰레기 오브 쓰레기
2.5,리모콘 권력은 여자들이 강하다.
4.0,여자캐릭터들간의 대화 주제는 오로지 남자.. 서로의 남친...
1.0,송중기 영상화보^^... 얼굴에 만점!^^
4.0,진짜 비교하기 싫은데 이딴게 나오기 15년전에 HBO는 밴드오브 브라더스를 만들었다.
4.0,"정말 말도 안되는 스토리때문에
내가 허니자몽을 그렇게 만들었다"
2.0,"2016, 대한민국을 뜨겁게 달군 드라마
대사, 연기, 등장인물 무엇 하나 빠지지 않고 좋았다."
3.0,나에겐 송혜교가 답
5.0,국뽕과 여혐에 심취한 드라마
4.5,재미는 있지만 평점이 너무 심하게 높지 말입니다.인간적으로 평점 좀 고쳐주시지 말입니다.
3.0,영상미 2점 나머지 0점
3.5,❤️
2.5,"눈이 호강하는 드라마.
그렇지만 내용은 허술하다.
뜬금없는 사건,사고에 매순간 당황스러웠다.
오글거리고 개연성 없는 대본을 배우들의 연기로 살린 듯 싶다."
3.0,꽤 재미는 있었지 말입니다
3.5,매일 챙겨보면서 매일 욕했던
5.0,넘나 오글 밀리터리 판타지
5.0,송중기 영상화보집
3.5,송혜교는 이쁘다
4.0,"너무 오글거려서 중도하차를 많이 고민했으나
송중기랑 진구만으로도 끝까지 볼 가치가 있다."
2.5,ost역시 짱
4.0,나 진짜 정말로 이거 좋아하는사람 진심으로 전혀 이해못했어. 진짜 왜? 진심으로 알려줘봐
2.0,"너무 극적이지만, 재미있으니 멈출 수 없네..."
3.5,"도깨비와 도깨비 신부의 운명이라는 메인 서사가 있었던 도깨비를 기준으로 삼는다면 너무 빈약할지라도 그에 비해 드라마의 맥을 전혀 잡지 못한다. 액션이었다가 의학드라마였다가 로코였다가 날뛰는 이 드라마 장르는 밸런스도 타협점도 찾지 못하고 사건의 기승전결에 맞춰 옷을 갈아입기에만 바쁘다. 완벽한 남녀 배우들과 촬영지의 비쥬얼에도 킬링타임이 될 수밖에 없었다. 비현실적인 군대 이야기는 판타지라 치더라도 장난 가득한 사랑의 속삭임은 개연성없이 너무 자주 반복돼 결국 오글의 세계를 만든다. 연애 관찰 예능에 가깝다. 드라마 속 각종 눈물 짜내기 장치에도 울지 않은 것에 안도하며. 재난물에 별 하나, 의학물에 별 하나"
5.0,난리통에 수술씬은 정말 죄악
5.0,유치함 오글거림
3.5,장르를 판타지라고 생각하고 보면 흥미진진. 지나친 미화와 국뽕이 가미되어 있긴 하지만.
1.0,"대한민국 군대는 송중기가 다 버려놨지만 
송송커플처럼 연애하면 무척 즐겁고 유쾌할 것 같다"
4.0,단결! 나의 군생활을 함께한 드라마
3.5,악습의 절정을 보여주는 한국군대를 미화하는 매체물은 질색이다. 로맨스 장르도 내 취향이 아니다. 하지만 구원커플은 정말 사랑스럽고 애절했다.
3.5,적응하기엔 좀 많이 오글거린다. 현실과의 간극이 꽤 큼에도 드라마로서의 재미에 충실하다. 남성 시청자의 공감을 얻기는 힘들어 보인다는 게 이 드라마의 명확한 한계.
1.5,"이걸군인이기전에보면 군인을하고싶엇겟지만 ㅜㅜ
지금은 군인이라서 절대 군인하지말아요 ㅠㅠ"
3.5,처음엔 정말 말투가 오그라들었는데 점점....좋아.....ㅎ
3.5,나는 왜 이런 남자들과는 사랑에 빠지지를 못하겠지? 설레고 싶었는데 설레지지가 않았다...
4.5,이걸 모르사람 없겠지요
3.5,역겹고 유치한 자위극. 일본의 아니메 <게이트>에 대한 한국의 대답. 국뻥부는 이따위 쓰레기를 지원해 줄 수고로 방산비리나 신경써라.
5.0,역시 김은숙작가님..
3.5,오글거림
3.5,군대드라마지만 현대군대와는 거리가 있어보일 뿐만 아니라 많이 오글거리고 여주가 맘에 들지 않는다.
3.5,송혜교 분 예뻐요.
1.0,"그냥 인터넷 소설을 되게 분위기있고 스케일 크게 만든 드라마.
무슨 사건사고가 끊이질 않고
여자주인공은 맨날 꺅꺅 거리고 남자는 매번 위기에서 구해주는 왕자님 내지는 기사.
스토리는 없고 배우들 멋짐이랑 의사에대한 환상,군인에 대한 말도 안되는 판타지만 뽐내다가 끝난 드라마.
배우가 살렸다."
3.0,대한민국 사람들이 로맨스에 굶주려서 시청률이 높았나봄. 그닥 모든면에서 뛰어나진 않았다.
4.0,"초음엔 송중기, 유대위에 반해 보기 시잗한 드라마.
오랜만에 드라마 캐릭터를 보며 설렜었다 ㅋㅋ
보면서 혼잣말하면서.. 어떡하냐며 너무 멋있다고 하던 나...
아무튼 처음엔 강모연과 유시진의 유쾌한(, 그러나 비현실적인) 연애 이야기에 빠졌다가 그 후엔 서대영 상사와 윤명주의 사랑에 빠졌다.
어찌보면 뻔한 설정이나, 윤명주의 해바라기 같은 사랑 드러내지는 않으나 제3자인 시청자에게 보이는 해바라기 서상사. 
둘의 케미도 장난이 아니었다.
게다가 애기병사... 김일병 역의 김민석도.. 너무 귀여움ㅎㅎ
암튼 스케일 크고 특전사라는 특이 캐릭터. 
꽤나 크게 기억의 한 자리에 남을거같다.
2016년 태양의 후예."
1.0,시청률 왜 높았는지 진짜 이해 안 가는 드라마
2.5,여러면에서 판타지였어도 재미는있었거든
1.0,용두사미
4.0,"충격..! 마치  너의 목소리가 들려 를 봤을때 같다
사람들이 그렇게 재미있다고해서 봤는데
유치한 맛으로 본다지만 너무 유치하잖아
너목들에 민준국이 있다면 태후에는 아구스가 있었다
그들이 없었다면 절대 끝까지 못봤을듯
게다가 여성 작가임에도 여성 혐오적인 대사가 간간히 나온다
작가라면 시대를 읽을 줄 알아야하고,
약자에 대한 혐오는 시대를 읽지 못해도 행하면 안 되는 건데
작가는 여전히 ""난 24살 넘은 여자는 안 돼"" 라는 대사를 쓰던, 시크릿 가든이 방영되던 시대에 살고있는듯하다"
3.0,드라마는 드라마로 봐야지. 재밌었다. 연애할 때 씌는 콩깍지 같은게 씌어있다면  감정이입하면서 킥킥대면서 볼 수 있는 드라마.
2.5,"아..난 여기서 묻힐래 중기야 중기야 듣고있니..
다들 요즘 공유랑 이동욱에 빠져있을때 난 여전히 너..너라고..중기라구..
너무져앙.. 울고싶다 미칠것같음 심장을 꺼내서 보여주고싶다 내진심을 보여주고싶다 그냥 중기나오니까 무한반복해서 볼꺼야..왜이드라마는.. 많은여성동지들이 중기를 좋아하게 만든거죠..? 경쟁자가 너무많아.. 내꺼야..손대지마.."
4.5,"유대위님,,,,"
2.0,"갈수록 비현실적인 장면들로 공감성은 덜하나, 송송커플때문에 눈호강한 드라마."
3.5,후반부로 갈수록 스토리가 이상하고 피피엘이 눈살찌푸려질 때가 있었지만 영상미와 배우들 보는게 너무 행복했음
3.5,"내가 무엇때문에 +0.5 를 더 준건지 모르겠다.
...왠지모르게 그냥 주고싶었음"
1.0,"재밌게 봤다
그게 단데 뭐 어떤가 
재밌게 봤다는 그 자체로 의미가 있다"
5.0,"흥행 성공
따라오는 PPL"
4.0,유대위..❤
3.5,다른드라들과는 다른것들을 느낄수있었고 다른것들을생각해보게만든 드라마.
4.0,가면 갈수록 심해지는 간접광고만 아니였다면...
3.5,좋았지만 한번 더 정주행은 못할 것 같다.
3.5,남자에게는 오글오글 여자들 눈에는 유시진 대위 하나로 만족하는 드라마
2.5,"개인적으로 송혜교 연기를 싫어하지만
스토리가 넓고 탄탄해서 꼬박꼬박 챙겨본 드라마였다.
결말에 송중기 살려내기는 정말 토악질난다."
4.0,김은숙 작가의 수가 너무 무리수였단 걸 증명했는데...드라마 시청자들이 내용을 깊게 평가 안 한다는 걸 입증한 시청률...최근의 군필자 남성들은 더 보지 않았을 정도의 미화와 국가주의...
2.5,여성드라마.
3.0,"노래만 들어도 다시보고싶은 드라마..
송송커플과 구원커플의 케미케미♡"
4.0,"이런들 어떠리 저런들 어떠리
난 너무 즐겁게 보았다!!"
4.0,군인에 환상에 빠져 순간 전쟁통 나라가서 보호받고 싶어!! 이런 끔찍한 생각을 해버렸지. 워~~~워~~~
0.5,네 잘생겼고요 네 잘생겼습니다 끝!
4.0,OST들이 진짜 다취향저격 역대급 송중기의 꿀떨어지는 눈빛에 멜팅할뻔
4.0,어른들을 위한 판타지
5.0,"오글거리지만, 말도 안되지만 보게 된다"
1.5,어떻게든 봐보려 세번을 시도하다 오글거려 결국 포기한 드라마.
3.0,훌륭한 킬링타임용. 개연성이고 뭐고 쥐뿔도 없지만 배우이 귀엽고 잘생겼고 그래서 그냥 한시간이 후딱 지나간다.
4.0,"작가님 시크릿 가든에 이어
군대 판타지물 대단하게 쓰셨다
현실적인 면이 살짝 부족해 아쉽지만 그래도
너무 이뻤던 영상톤이나 배우들의 눈빛 연기들로 충분히 채워졌다
김은숙 작가님답게 대사하나하나 살아있고 재치있어 
캐릭터가 더욱 빛날 수 있었지 않을까!"
4.0,군인으로 산다는 것. 그리고 그 군인의 가족으로 산다는 것.
4.0,송중기와 진구의 캐미 넘 좋앗음!
4.5,대사가 오글거리긴하지만 빅보스 너무 멋있지말입니다
3.5,"절반은 좋았고 절반은 막장, 매주 위기와 극복의 연속"
4.0,"로맨스란 판타지, 판타지란 로맨스.
이미 김은숙의 필력에 빠진지 오래."
2.0,어찌됐든 눈호강.
3.5,여성들을 위한 포르노
3.5,송중기 얼굴과 담백한 연기력이 개연성
3.0,드디어 진구가 떴다💃
5.0,웅장한 인소
1.0,교조적인 톤과 쓸데없이 현실적인 남주들 성격 때문에 끝까지 보지 못함
4.0,배우들 얼굴 때문에 보려고 했으나 정말 참아줄 수 없을 정도로 한심한 시나리오와 캐릭터들.
0.5,"송혜교땜에 별네개 
내용은 그럭저럭 볼만했음"
2.0,"이정도의 화제성과 이정도의 인기라면 왜 그런지를 알기위해서라도 봐야한다는 마음.
배우보다 작가의 캐릭터설정과 대사가 더 돋보이는 드라마. 
말 그대로 드라마."
3.5,말입니다 좀 그만하지 말입니다
3.0,비현실적인 드라마라는 직감에 내가 현실에서 잠시 멀어지고 싶을 때 봤다. 보는 동안에 멀어질 수 있어서 좋았다.
3.5,"송혜교 연기가 왜이리 어색한지 모르겠다
.
2030여자들이 좋아하는 소재로 구성된 드라마에 흔하지 않은 군대소재 드라마라 상승세를 잘 탄 듯
.
일단 군대 미화 성공!"
3.5,예쁜남자 예쁜여자
3.5,"돈벌라고 판타지 소설을 만들었다. ppl도 장난아니였다. 
여주인공 성격 진짜 마음에 안들어..ㅋ 그래도 재미는 있었다."
4.0,"송중기 송혜교라니!!!! 하고 6화까지인가 보다가...
도대체 스토리는 언제 시작하는거지? 하고 생각하다가...
아... 이 둘 연애하는게 스토리인거구나... 깨닫고 그만 봄. 스크린타임의 너무 많은 부분이 두분 연애사에 할당되어서 확실히 나에게는 흥미요소 부족. 아니 위험천만한 땅에서 총과 마약등이 즐비하는데 지금 드라마틱 요소들이 넘나 많은데 왜죠?? 왜?? 후하 rage quit."
2.0,감동적인 드라마 다시보고십다
4.0,유시진으로 시작해서 유시진으로 끝난다
4.5,"너무 비현실적이다
근데 자꾸 보게된다ㅋㅋㅋㅋ"
4.0,"비현실적 판타지적요소를 휘어잡을만한 3%가 부족했지만 이국적풍경과 주인공의 비주얼, 대사들이 커버하는 드라마"
3.5,피피엘 홍수 속에서도 살아남는 미모의 유대위.
